INSERT INTO Person (idPerson,email,fax,address,ban,fin,name,telephone) VALUES (1,'adipiscing@Utsemperpretium.net',84106041,'Ap #655-6575 Bibendum Road','BA798618464089064108','2CF72B97-1DB0-FDFB-A82A-E31B03F1BF69','Emily Q. Kane',868957840);
INSERT INTO Person (idPerson,email,fax,address,ban,fin,name,telephone) VALUES (2,'nec@arcu.net',70122284,'P.O. Box 629, 2421 Ultricies Road','KZ602673533562147059','B30994A4-926C-6D3F-83DF-71FC82171E81','Cain N. Williams',409964262);
INSERT INTO Person (idPerson,email,fax,address,ban,fin,name,telephone) VALUES (3,'eleifend.Cras@Sedetlibero.com',56122087,'464-8198 Donec Rd.','MK66489622376531009','8E27A8DD-6D37-89E4-F639-6C9942E2C94B','Noah Q. Rivera',763570943);
INSERT INTO Person (idPerson,email,fax,address,ban,fin,name,telephone) VALUES (4,'aliquet@quamelementumat.org',58505566,'Ap #597-6909 Faucibus Rd.','RO71CIPW8146625001943345','07721C10-1500-B170-F8CE-21FDC0F6F2C2','Avram N. Mccarthy',873460212);
INSERT INTO Person (idPerson,email,fax,address,ban,fin,name,telephone) VALUES (5,'leo@arcu.org',41771115,'P.O. Box 936, 9100 Quam, St.','ES6395040685633713992831','720F597D-1929-16E1-9D14-259A28C571DF','Michael F. Atkins',102100699);
INSERT INTO Person (idPerson,email,fax,address,ban,fin,name,telephone) VALUES (6,'pellentesque.tellus.sem@vitae.net',80613178,'982-2705 Sem. Road','LT875330143347663256','A6FAA5F7-8237-9D51-2AE6-CCD0128C3342','Jerome J. Bishop',543254859);
INSERT INTO Person (idPerson,email,fax,address,ban,fin,name,telephone) VALUES (7,'Phasellus.fermentum@elementumpurusaccumsan.org',31672017,'354-1986 Eu, Av.','IE95LXIU68784207708221','4086AFE7-A814-B452-A92E-1BB7E99FCEF2','Delilah S. Kaufman',546475825);
INSERT INTO Person (idPerson,email,fax,address,ban,fin,name,telephone) VALUES (8,'Nunc@vulputate.co.uk',74836301,'329-6902 Id, St.','MR8109786305399849730177076','610EB915-6151-197D-C1D0-8E996159586C','Evelyn N. Kirk',176726896);
INSERT INTO Person (idPerson,email,fax,address,ban,fin,name,telephone) VALUES (9,'luctus@lacuspede.org',48286869,'5330 Congue Rd.','MU1030923009830851819240699424','E690321A-F1AC-8159-9726-264B2C0EB887','Chandler X. Macias',419700737);
INSERT INTO Person (idPerson,email,fax,address,ban,fin,name,telephone) VALUES (10,'tellus.faucibus.leo@nasceturridiculus.com',14420162,'P.O. Box 678, 842 At, Rd.','MC1196566744226312413712170','4D3099F4-FD4C-4B9B-0B25-9F38D12761E7','Nero L. Davidson',491061654);
INSERT INTO Person (idPerson,email,fax,address,ban,fin,name,telephone) VALUES (11,'arcu.Morbi.sit@etmagnis.edu',68449193,'7294 Nibh. Rd.','FO8416318845232050','78FB2E00-AA01-597D-8811-E9F62A9672AD','Talon V. Ford',633513772);
INSERT INTO Person (idPerson,email,fax,address,ban,fin,name,telephone) VALUES (12,'diam.Sed.diam@ullamcorper.com',59564504,'986-9266 Erat St.','IL312521271459484018803','293738A5-CACD-77B6-7BEA-94C52C1595C9','Holly U. Livingston',654105086);
INSERT INTO Person (idPerson,email,fax,address,ban,fin,name,telephone) VALUES (13,'et.magnis.dis@pedeSuspendisse.ca',31723686,'7761 Consectetuer Street','SK3624546789795347188213','76156B52-28AF-8828-99D8-92FBDCB17C10','Winter Q. Morin',428945697);
INSERT INTO Person (idPerson,email,fax,address,ban,fin,name,telephone) VALUES (14,'nunc.est@consequatpurusMaecenas.edu',66741923,'P.O. Box 357, 8626 Nam Avenue','IL924291939471633158438','2B4BA7CE-087C-C078-DA4E-561D1D41F39C','Cassandra L. Mann',694905120);
INSERT INTO Person (idPerson,email,fax,address,ban,fin,name,telephone) VALUES (15,'Donec.felis.orci@amet.co.uk',61448726,'P.O. Box 157, 5501 Neque Av.','EE828749673851082860','F41C36CE-0E2A-FE57-3F72-EFFFD5BDAF8E','Winifred U. Wilder',572846625);
INSERT INTO Person (idPerson,email,fax,address,ban,fin,name,telephone) VALUES (16,'molestie.orci.tincidunt@utcursus.org',22000112,'615-1369 Risus Road','GE63384372572116406071','F7F2E946-F7F7-A2CF-B08E-5D55B2E2CFE8','Tate E. Terrell',833397969);
INSERT INTO Person (idPerson,email,fax,address,ban,fin,name,telephone) VALUES (17,'est@perconubia.ca',37388850,'8390 Nascetur Rd.','MC1847723222627342634189228','BD5D40D5-0B86-9B95-5C5A-74B711955077','Iliana Z. Collier',758013255);
INSERT INTO Person (idPerson,email,fax,address,ban,fin,name,telephone) VALUES (18,'pharetra.Quisque@odioauctorvitae.com',95176507,'243-8303 Sem Av.','ES4315930656666571983823','3C41D2EF-D6A9-0674-3B83-43AB0CEFD08C','Abdul D. Santiago',236992396);
INSERT INTO Person (idPerson,email,fax,address,ban,fin,name,telephone) VALUES (19,'est.Mauris.eu@feugiat.com',74210511,'8147 Leo. Street','MR2892854707001135885698702','1EF76004-CCD2-AEEB-6FB5-F9110DEF3912','Sade R. Kirkland',223981256);
INSERT INTO Person (idPerson,email,fax,address,ban,fin,name,telephone) VALUES (20,'dictum@nequepellentesquemassa.com',51940861,'P.O. Box 798, 4731 Nam Rd.','AL24826507084014982070143947','4A2C9AE6-6437-8BBD-0563-6F77BDECB6CD','Glenna C. Parrish',751346122);
INSERT INTO Person (idPerson,email,fax,address,ban,fin,name,telephone) VALUES (21,'ac.nulla@iaculisneceleifend.com',24523091,'P.O. Box 520, 5410 Facilisis St.','DK5515109620164669','7F402956-22E4-5AE1-3F94-9010C0D0B8EA','Justine W. Lamb',644791661);
INSERT INTO Person (idPerson,email,fax,address,ban,fin,name,telephone) VALUES (22,'varius.orci.in@aliquet.ca',96846183,'9370 Ut Rd.','SM7688957901161747074663414','C3BDC8A8-D885-3A10-BE36-E93BB4F480ED','Shaeleigh B. Roach',992296784);
INSERT INTO Person (idPerson,email,fax,address,ban,fin,name,telephone) VALUES (23,'mus@ProinultricesDuis.org',42895336,'P.O. Box 278, 2552 Quis St.','AD2078682330920186492103','1BEC9403-7A84-330D-8B6B-88BA89591E1F','Lavinia S. Clay',988139937);
INSERT INTO Person (idPerson,email,fax,address,ban,fin,name,telephone) VALUES (24,'luctus@montesnasceturridiculus.edu',82606097,'P.O. Box 854, 8427 Phasellus Street','DO70511191861792965735189605','2BFA3F00-3FC8-2A0F-524A-0593F80DD4D8','Hop V. Salinas',225626327);
INSERT INTO Person (idPerson,email,fax,address,ban,fin,name,telephone) VALUES (25,'eleifend@consequat.net',93208635,'854-9260 Sed St.','HR6009575559427330990','AA60A6A7-982C-11CA-C698-47BFB6A919E8','Byron G. Reeves',919146275);
INSERT INTO Person (idPerson,email,fax,address,ban,fin,name,telephone) VALUES (26,'aliquam.adipiscing@convallis.com',48837575,'9127 Egestas, Avenue','DE51436880151302191706','C5CF6D1F-3BCE-A1E9-1654-7717EA2A9612','Luke F. Gay',251440672);
INSERT INTO Person (idPerson,email,fax,address,ban,fin,name,telephone) VALUES (27,'a@in.net',62795971,'7536 Rutrum, Rd.','GL2425495950960833','F1D29C08-8DB8-4385-716A-59CE83EF1868','Drake F. Aguirre',578808172);
INSERT INTO Person (idPerson,email,fax,address,ban,fin,name,telephone) VALUES (28,'vitae.purus@Vivamus.edu',90145565,'671-2815 Nulla. Rd.','GB32RPWI96073574710138','CB608D30-DE54-0C5F-73EE-72CC57A1E249','Alexis Z. Hartman',942998356);
INSERT INTO Person (idPerson,email,fax,address,ban,fin,name,telephone) VALUES (29,'magna.Ut@congue.net',18707264,'Ap #598-1151 Nunc Road','IL523426927656039327450','457CA984-7E0B-4391-EBD5-F7824EA89C6D','Harper V. Farley',760774404);
INSERT INTO Person (idPerson,email,fax,address,ban,fin,name,telephone) VALUES (30,'a.tortor.Nunc@sedconsequatauctor.net',26577048,'2373 Facilisis Street','FO1377968374450591','31D81269-DCBB-CF77-C35E-4E884CC50C19','Dominic L. White',595242229);
INSERT INTO Person (idPerson,email,fax,address,ban,fin,name,telephone) VALUES (31,'Proin.sed@fermentum.edu',85103534,'621-4906 Montes, Avenue','DE64823353485301748089','AE3A2F2C-CA07-8DE1-71DA-0F4BEE014861','Theodore E. Monroe',164414184);
INSERT INTO Person (idPerson,email,fax,address,ban,fin,name,telephone) VALUES (32,'eu@inhendreritconsectetuer.co.uk',99626905,'9552 Mauris Avenue','PL55546095125334723990088964','40FF2B18-CD54-4022-7EFB-B31284704AA5','Jada Q. Lang',456461416);
INSERT INTO Person (idPerson,email,fax,address,ban,fin,name,telephone) VALUES (33,'erat@Maurisnulla.net',90120786,'Ap #922-4852 Maecenas St.','LU727264973542957759','C09BA4DF-18EE-C00E-780A-1FE881684A09','Ella H. Cleveland',223930253);
INSERT INTO Person (idPerson,email,fax,address,ban,fin,name,telephone) VALUES (34,'interdum.libero@faucibusorciluctus.org',40889018,'363-4338 Tincidunt Road','AZ86029467058238566343026467','DAA5ED29-73D4-452C-2CE4-EE6F1B7A6BBF','Branden J. Smith',287202092);
INSERT INTO Person (idPerson,email,fax,address,ban,fin,name,telephone) VALUES (35,'luctus.felis@orcisemeget.net',14723316,'4057 Nec, St.','SE0424706333021004401310','E4937FF5-7D8D-8A2D-1191-1CCD34F93350','Halee R. Booth',143819404);
INSERT INTO Person (idPerson,email,fax,address,ban,fin,name,telephone) VALUES (36,'massa.Integer.vitae@et.org',15830338,'7112 Elit. Road','SE4418958080738578505633','8A8553A5-A919-C676-6064-9CE98E6CC77C','Alice Y. Buchanan',282557535);
INSERT INTO Person (idPerson,email,fax,address,ban,fin,name,telephone) VALUES (37,'cursus.non@pedeCumsociis.org',10148979,'P.O. Box 947, 6879 Diam Road','AL76143441214477891944655686','E02C8B8A-9708-6674-1A61-43ED49674C05','Cora E. Higgins',677880345);
INSERT INTO Person (idPerson,email,fax,address,ban,fin,name,telephone) VALUES (38,'arcu.Sed@nec.edu',26886847,'552-3487 Parturient Avenue','BA539607148707478567','ECF9FA07-5F62-3DCC-4EF7-237067AB2C69','Giselle L. Mckee',552402195);
INSERT INTO Person (idPerson,email,fax,address,ban,fin,name,telephone) VALUES (39,'ligula@nisl.com',43529796,'9096 Pede. Street','LV58ANPH8738441317825','00B8C8A2-EF1E-5614-4DCB-1B82519368BB','Yoshio Q. Conner',725956504);
INSERT INTO Person (idPerson,email,fax,address,ban,fin,name,telephone) VALUES (40,'molestie.in@elitpharetraut.co.uk',44034690,'Ap #352-991 Feugiat Av.','LB49108267987571502118727123','3483F153-C736-CDEF-EFBD-E1EDD83FE28F','Henry W. Byers',182990152);
INSERT INTO Person (idPerson,email,fax,address,ban,fin,name,telephone) VALUES (41,'elit.fermentum@natoquepenatibuset.net',25252595,'Ap #674-1643 Fringilla, Ave','FR5675908300108468233010614','A1CD17A6-BB31-39F8-F40E-AD6A7750AEE2','Tobias S. Douglas',929134555);
INSERT INTO Person (idPerson,email,fax,address,ban,fin,name,telephone) VALUES (42,'non@acmattisvelit.edu',54222314,'P.O. Box 796, 8832 Scelerisque St.','FR5708980121423034550829152','75A3D0D5-7547-F05E-9C8B-A1FA495DC154','Ora B. Gates',674746533);
INSERT INTO Person (idPerson,email,fax,address,ban,fin,name,telephone) VALUES (43,'ut@tellus.ca',87037663,'8141 Non, Street','KW9089068715494564597073714909','F4AB4F61-AE6E-2F65-09E5-1B2E9BCD5EE2','Norman X. Stout',976550368);
INSERT INTO Person (idPerson,email,fax,address,ban,fin,name,telephone) VALUES (44,'tellus.lorem@ullamcorpereu.net',54177055,'2178 Dolor Street','FR5338934799821693850438726','D79F629F-5F82-72D2-6650-0F7443F58C37','Madeline Y. Bates',324274122);
INSERT INTO Person (idPerson,email,fax,address,ban,fin,name,telephone) VALUES (45,'convallis.est.vitae@egestaslacinia.net',43217315,'P.O. Box 542, 2742 Amet, Rd.','LI7553414543514245001','FB4BD6AA-3457-F9C9-A7ED-921626A0CF00','William M. Floyd',443440101);
INSERT INTO Person (idPerson,email,fax,address,ban,fin,name,telephone) VALUES (46,'cursus.Integer@sodalesnisi.ca',19717774,'Ap #577-6292 Eget St.','FR8699419698887574365569761','9BA5E9F1-18C8-0472-FD0D-556873D04D75','Theodore Z. Boyd',620466654);
INSERT INTO Person (idPerson,email,fax,address,ban,fin,name,telephone) VALUES (47,'porttitor.eros@luctus.org',96529603,'P.O. Box 964, 2366 Diam Avenue','SI71703684122628671','E231D418-B945-6F83-8D9F-C1B50E2A542E','Vivian Y. Mcmahon',518996754);
INSERT INTO Person (idPerson,email,fax,address,ban,fin,name,telephone) VALUES (48,'ligula.Nullam@luctusvulputatenisi.edu',37998017,'4647 Molestie Ave','IE68YUMH45128536088366','BBA52F2E-68FC-4B23-F7C0-19D965119F39','Catherine W. Cox',977740044);
INSERT INTO Person (idPerson,email,fax,address,ban,fin,name,telephone) VALUES (49,'augue.scelerisque.mollis@penatibusetmagnis.org',73207469,'6216 Neque. St.','AL06266550352815953089095154','63E02712-E9CB-03E5-A013-C1CD002318A5','Jakeem O. Vang',682324101);
INSERT INTO Person (idPerson,email,fax,address,ban,fin,name,telephone) VALUES (50,'libero.Donec@volutpatornarefacilisis.edu',47441759,'170-2104 Integer Av.','AE724409874306823097685','0A6D37B1-D71B-723A-8DFF-A20680FEBA2A','Minerva Q. Puckett',931980987);
INSERT INTO Person (idPerson,email,fax,address,ban,fin,name,telephone) VALUES (51,'Phasellus@ametorci.co.uk',98127010,'4055 Cras Street','GI34IWXF708908135425382','DA1ED50C-B29C-E988-4BDA-7235B1096F39','Gillian O. Slater',667962671);
INSERT INTO Person (idPerson,email,fax,address,ban,fin,name,telephone) VALUES (52,'diam.luctus.lobortis@porttitorinterdumSed.net',91696743,'555-7736 Et Avenue','MU1537947536078537061537280214','9D38BC40-5F3F-6776-7597-E61AF9C5F61A','Kim E. Pena',297589897);
INSERT INTO Person (idPerson,email,fax,address,ban,fin,name,telephone) VALUES (53,'parturient@imperdiet.co.uk',79976062,'9778 Montes, Road','PL60713241895104589707602520','14BE7A9A-02C4-4AA4-4742-1106232B7141','Finn P. Warren',879006389);
INSERT INTO Person (idPerson,email,fax,address,ban,fin,name,telephone) VALUES (54,'lacus.vestibulum@elitCurabitur.ca',48450383,'Ap #760-2244 Dui Street','AZ06050479724640960956978704','14D1B111-BCDA-1C3E-432A-659CCEED9860','Amber R. Sykes',932349276);
INSERT INTO Person (idPerson,email,fax,address,ban,fin,name,telephone) VALUES (55,'elit@musDonecdignissim.co.uk',34464755,'501-2039 A, Avenue','ES2029890131871532175289','D1113506-0F6D-BAA3-E314-4D97E8837084','Wilma A. Clarke',864005331);
INSERT INTO Person (idPerson,email,fax,address,ban,fin,name,telephone) VALUES (56,'quis.pede@velsapien.co.uk',47749822,'5701 Nulla Street','PK3613814271727813468049','144C77F9-C4E7-A78F-002B-C5A44765D653','Ross T. Osborn',228172808);
INSERT INTO Person (idPerson,email,fax,address,ban,fin,name,telephone) VALUES (57,'ac@Donec.org',14380602,'Ap #329-6414 Bibendum Rd.','PK7705375632330770378560','4F598BD6-4144-FB01-E0CA-7E523ACE9667','Finn K. Perry',394465562);
INSERT INTO Person (idPerson,email,fax,address,ban,fin,name,telephone) VALUES (58,'Mauris.nulla@Innecorci.ca',56286319,'476-6773 Ornare, St.','KZ255554461256474905','F2CD41B6-BD39-EA57-BB32-F5708ACC1533','Gage C. Guy',142205449);
INSERT INTO Person (idPerson,email,fax,address,ban,fin,name,telephone) VALUES (59,'cursus.et.magna@hendrerit.co.uk',82667923,'4302 Facilisis St.','RO11DHWJ7334285322234265','D697432C-2ABC-682D-D1FC-542007FC9CF5','Yetta C. Dudley',368608639);
INSERT INTO Person (idPerson,email,fax,address,ban,fin,name,telephone) VALUES (60,'Duis.volutpat@eratvitae.org',57810812,'5676 Posuere, Road','CH0384481304938131975','880FCF94-53FA-44F5-6EE1-4969732D01AE','Maryam G. Oneal',695481715);
INSERT INTO Person (idPerson,email,fax,address,ban,fin,name,telephone) VALUES (61,'Sed.nunc@Cum.net',12840071,'6561 Sed, St.','KW9574615323512035183995309502','BF17BE46-56BB-62CF-6E65-489286F1C3A3','Denise N. Heath',557078434);
INSERT INTO Person (idPerson,email,fax,address,ban,fin,name,telephone) VALUES (62,'parturient.montes@lectusasollicitudin.net',12383606,'Ap #202-1267 Sed St.','AZ18808345247078340213064217','C5DB881D-8566-7FEA-51CA-C2BE307A7DE5','Brenna Q. Gay',473325103);
INSERT INTO Person (idPerson,email,fax,address,ban,fin,name,telephone) VALUES (63,'venenatis.lacus@eulacusQuisque.edu',32723184,'P.O. Box 180, 7340 Lorem Road','IT628XPLLI51231863468174023','FB141D0B-0657-CB14-3870-F394FA6EB35E','Virginia U. Larsen',225803956);
INSERT INTO Person (idPerson,email,fax,address,ban,fin,name,telephone) VALUES (64,'magna.Suspendisse@maurisblanditmattis.org',24973886,'P.O. Box 550, 4445 Et Rd.','IS912127391797101895665064','CD9A0D79-36D0-7F68-DCED-BA9AC49C76F0','Boris L. Salazar',612335030);
INSERT INTO Person (idPerson,email,fax,address,ban,fin,name,telephone) VALUES (65,'semper.tellus@ipsum.co.uk',36007184,'785-7101 Ipsum Avenue','BG45SWDQ28795902579715','719125D9-1F8F-0DB7-5176-1A7E0AE0BA22','Kaseem A. Chandler',834836613);
INSERT INTO Person (idPerson,email,fax,address,ban,fin,name,telephone) VALUES (66,'hendrerit@a.net',21535102,'P.O. Box 430, 2104 Urna. St.','MT50PGTA49968240701450110180734','DE7792C0-C9DB-8235-C0BC-2516D9944C4E','Finn L. Henderson',183867951);
INSERT INTO Person (idPerson,email,fax,address,ban,fin,name,telephone) VALUES (67,'amet@etmagnis.net',91311242,'2119 Donec Road','IS690133017765987792678037','B7F0D974-BF89-5297-BEFF-DE0AB315B9A8','Callie G. Williamson',354294372);
INSERT INTO Person (idPerson,email,fax,address,ban,fin,name,telephone) VALUES (68,'leo.Vivamus.nibh@idlibero.ca',70137457,'P.O. Box 728, 3258 Faucibus Ave','FO2551910791139942','06AFE2D3-314D-B875-8486-D0C5C80A811B','Tashya Y. Sharpe',755564553);
INSERT INTO Person (idPerson,email,fax,address,ban,fin,name,telephone) VALUES (69,'Donec.porttitor.tellus@eudui.ca',15045793,'P.O. Box 222, 7270 Massa. Road','CY38026602452070080374824328','207BF202-9A29-9696-7585-D269C81279F8','Ross M. Boone',677622814);
INSERT INTO Person (idPerson,email,fax,address,ban,fin,name,telephone) VALUES (70,'tincidunt.nunc.ac@ridiculusmus.net',75363481,'3938 Praesent St.','IT986PMOAI60809742508338032','88E0A609-218E-1516-5276-895ED7D47CF3','Tanya B. Rivera',344860734);
INSERT INTO Person (idPerson,email,fax,address,ban,fin,name,telephone) VALUES (71,'eu.nulla@Crasinterdum.ca',63493227,'Ap #571-3529 Metus. Rd.','CZ7333390444307547698514','C47C4481-D275-38D0-1454-50194CD38732','Lareina F. Sandoval',283361702);
INSERT INTO Person (idPerson,email,fax,address,ban,fin,name,telephone) VALUES (72,'urna@vulputate.org',95831827,'221-1087 Ullamcorper Rd.','IS240269252125153544675205','BEB163BC-118A-1141-FE7E-2CCD8D3F86E6','Reese P. Chen',732287795);
INSERT INTO Person (idPerson,email,fax,address,ban,fin,name,telephone) VALUES (73,'ac.urna.Ut@scelerisquesed.com',99043595,'Ap #173-9662 Consectetuer, Avenue','KZ514777906298011441','E5BA9233-2AE4-A6C0-5E81-F64CB9EB95EC','Jane K. Boyer',664365386);
INSERT INTO Person (idPerson,email,fax,address,ban,fin,name,telephone) VALUES (74,'velit.eu.sem@Ut.net',14774124,'P.O. Box 176, 6441 Arcu. Rd.','IE78IMDC20587629195369','AB8156AC-FDB7-B852-6897-86908918235C','Lenore V. Armstrong',198391210);
INSERT INTO Person (idPerson,email,fax,address,ban,fin,name,telephone) VALUES (75,'ipsum.non@necorciDonec.com',89624444,'P.O. Box 981, 6187 Commodo Av.','NO7721475725128','6139ED06-9B5A-8A96-3A8F-D69DEDEDA270','Joy S. Crawford',447840784);
INSERT INTO Person (idPerson,email,fax,address,ban,fin,name,telephone) VALUES (76,'accumsan.convallis@auctorvelitAliquam.edu',76304447,'P.O. Box 631, 8026 Diam. Ave','SM2050437889728880179967794','B179E06D-1F26-5D57-CD9E-A68F5645DCE6','Maia U. Mcintyre',275034624);
INSERT INTO Person (idPerson,email,fax,address,ban,fin,name,telephone) VALUES (77,'molestie.in@commodo.com',34203440,'2223 Sagittis Road','IL613720136531413762047','356D677C-4113-B164-F0A9-791443829406','Gil G. Wagner',737166149);
INSERT INTO Person (idPerson,email,fax,address,ban,fin,name,telephone) VALUES (78,'enim.Suspendisse.aliquet@nondapibusrutrum.co.uk',81623721,'2806 Mus. Street','BH31428468238630505081','021FE337-522C-0166-CA2A-BD6BE36C2E52','Freya N. Head',890157816);
INSERT INTO Person (idPerson,email,fax,address,ban,fin,name,telephone) VALUES (79,'elit.Nulla.facilisi@magnaa.co.uk',72735953,'Ap #651-2854 Ullamcorper, Ave','SI63652345327902166','CB3681B9-8A91-2284-137E-95FBA4146CA4','Whitney A. Miranda',670898759);
INSERT INTO Person (idPerson,email,fax,address,ban,fin,name,telephone) VALUES (80,'a@Etiamlaoreetlibero.co.uk',39789661,'5002 Ipsum. St.','FR6178126696450814854810075','78785D1F-F070-22F1-6B41-B25EFD4107D4','Griffith U. Alford',607547089);
INSERT INTO Person (idPerson,email,fax,address,ban,fin,name,telephone) VALUES (81,'quis@volutpatNulla.edu',89903718,'647 Et Av.','PS854157607858738450621031569','F1BC0597-BF03-C901-E01A-9338A6DB1CB0','Leandra U. Craft',668201760);
INSERT INTO Person (idPerson,email,fax,address,ban,fin,name,telephone) VALUES (82,'hendrerit.Donec.porttitor@facilisis.com',89003938,'P.O. Box 390, 4245 Nunc St.','GE68296416090004096092','5AA91EEB-4188-7C04-6DE4-53AE0CCC1BD7','Leonard J. Guzman',276705401);
INSERT INTO Person (idPerson,email,fax,address,ban,fin,name,telephone) VALUES (83,'interdum.ligula.eu@eratvitae.ca',75448488,'9322 Tristique Avenue','FI6203811083863076','E207ED60-A5A2-062D-A8A3-FED8FD83A519','Sybil V. Lancaster',914300489);
INSERT INTO Person (idPerson,email,fax,address,ban,fin,name,telephone) VALUES (84,'mauris.erat@adipiscingelit.edu',45671839,'P.O. Box 884, 6852 Rhoncus. St.','FO6037142236235041','892E78C5-721D-CBE8-19F4-D97A26BDFC26','Isadora D. Keith',815897223);
INSERT INTO Person (idPerson,email,fax,address,ban,fin,name,telephone) VALUES (85,'erat.eget@famesacturpis.edu',37307347,'P.O. Box 748, 1119 Vestibulum, Av.','CH5693977748456662066','D688B519-1861-701C-CB38-13A1B7038D6C','Shay J. Gomez',157922776);
INSERT INTO Person (idPerson,email,fax,address,ban,fin,name,telephone) VALUES (86,'sed.consequat@sit.org',46280744,'6018 In Road','TR242701761876350522788752','4512D880-2F19-5628-A4F9-99F6DCE50394','Colette H. Trujillo',659145466);
INSERT INTO Person (idPerson,email,fax,address,ban,fin,name,telephone) VALUES (87,'turpis@nislQuisque.org',37250993,'Ap #355-5876 Aliquam St.','GT63585446276927355141964013','022D0D50-996D-B1AD-26CB-CF84666B39C3','Hillary M. Wheeler',780024481);
INSERT INTO Person (idPerson,email,fax,address,ban,fin,name,telephone) VALUES (88,'libero.mauris@consequatnecmollis.co.uk',71631679,'Ap #980-3147 Id, St.','GI74JFMI455581506574831','346363DA-2557-3AF2-23B5-E88F7ECD6D37','Fulton O. Scott',551891029);
INSERT INTO Person (idPerson,email,fax,address,ban,fin,name,telephone) VALUES (89,'natoque.penatibus.et@feugiattelluslorem.co.uk',15758411,'P.O. Box 462, 4224 Aliquam St.','TN6612509056028720682246','F2A5E8B1-D0EB-6F7C-F72E-E5D0AA35A210','Rina C. Ellis',998507750);
INSERT INTO Person (idPerson,email,fax,address,ban,fin,name,telephone) VALUES (90,'orci@commodo.com',61998598,'2376 Rhoncus. Avenue','MU9648160047674692769063675809','F9E34371-9B42-44EE-7032-A893238F69FA','Jasper C. Fitzgerald',415203494);
INSERT INTO Person (idPerson,email,fax,address,ban,fin,name,telephone) VALUES (91,'consequat.purus.Maecenas@pede.co.uk',52116407,'Ap #499-6708 At Avenue','CY87192036087905958259944717','D10AB9F8-54A1-9F8B-4D72-0D66BC876CFF','Nathan S. Bailey',209822423);
INSERT INTO Person (idPerson,email,fax,address,ban,fin,name,telephone) VALUES (92,'Sed.et.libero@quis.edu',69622565,'P.O. Box 692, 5451 Sit Ave','ME61090777063235171357','1E1A41A9-7251-B58C-A8C6-552A717D9D13','Nevada W. Ewing',523264738);
INSERT INTO Person (idPerson,email,fax,address,ban,fin,name,telephone) VALUES (93,'sapien.imperdiet.ornare@necanteMaecenas.net',78185785,'Ap #480-7945 In Road','MU7957838895836096149674205259','A07670ED-E3F3-1DA7-E9A7-33579AE3A175','Norman Q. Bruce',737781858);
INSERT INTO Person (idPerson,email,fax,address,ban,fin,name,telephone) VALUES (94,'erat@sitamet.co.uk',90072635,'617-7226 Arcu St.','NL44HVZF7601925938','B506F5B6-5E68-33D9-AC09-E1E6385FF597','Plato X. Byers',166458479);
INSERT INTO Person (idPerson,email,fax,address,ban,fin,name,telephone) VALUES (95,'a@porttitorvulputate.edu',93602580,'Ap #450-7408 Enim Rd.','NL81PFNU0031937237','B2E0EE37-9B54-90A8-5B7F-C675DECB2748','Alan C. Ferrell',532297101);
INSERT INTO Person (idPerson,email,fax,address,ban,fin,name,telephone) VALUES (96,'malesuada.fames.ac@senectusetnetus.net',75938168,'Ap #945-1341 Neque Road','LT576397723898151571','84870273-AA8D-1715-5E22-C31654CCCF83','Shelley S. Washington',215974838);
INSERT INTO Person (idPerson,email,fax,address,ban,fin,name,telephone) VALUES (97,'Fusce.diam.nunc@Maurisblanditenim.com',66503600,'7189 Arcu. Ave','NO1218595944999','DE45EED0-051B-4FAA-B6B3-16A6A9D36154','Steven X. Harding',735619142);
INSERT INTO Person (idPerson,email,fax,address,ban,fin,name,telephone) VALUES (98,'ligula.Donec@Phasellusataugue.co.uk',81292823,'386-4548 Suspendisse Road','SA3967239456438881623658','ECDBFF54-8742-5DA4-6A6B-3A4928150623','Caesar A. Sykes',475643554);
INSERT INTO Person (idPerson,email,fax,address,ban,fin,name,telephone) VALUES (99,'arcu@primis.edu',21408050,'P.O. Box 468, 9987 Sem St.','GE63206088689940082440','6FC2441E-D982-4F03-6D53-1DB69229F420','Zelenia U. Pollard',966503149);
INSERT INTO Person (idPerson,email,fax,address,ban,fin,name,telephone) VALUES (100,'erat.in@vel.net',71291906,'3890 Metus Av.','SI63098354312897179','11985D08-1C22-D658-AF77-1465E21EF8FD','Margaret B. Tate',780273422);

INSERT INTO Client(idPerson) VALUES (51);
INSERT INTO Client(idPerson) VALUES (52);
INSERT INTO Client(idPerson) VALUES (53);
INSERT INTO Client(idPerson) VALUES (54);
INSERT INTO Client(idPerson) VALUES (55);
INSERT INTO Client(idPerson) VALUES (56);
INSERT INTO Client(idPerson) VALUES (57);
INSERT INTO Client(idPerson) VALUES (58);
INSERT INTO Client(idPerson) VALUES (59);
INSERT INTO Client(idPerson) VALUES (60);
INSERT INTO Client(idPerson) VALUES (61);
INSERT INTO Client(idPerson) VALUES (62);
INSERT INTO Client(idPerson) VALUES (63);
INSERT INTO Client(idPerson) VALUES (64);
INSERT INTO Client(idPerson) VALUES (65);
INSERT INTO Client(idPerson) VALUES (66);
INSERT INTO Client(idPerson) VALUES (67);
INSERT INTO Client(idPerson) VALUES (68);
INSERT INTO Client(idPerson) VALUES (69);
INSERT INTO Client(idPerson) VALUES (70);
INSERT INTO Client(idPerson) VALUES (71);
INSERT INTO Client(idPerson) VALUES (72);
INSERT INTO Client(idPerson) VALUES (73);
INSERT INTO Client(idPerson) VALUES (74);
INSERT INTO Client(idPerson) VALUES (75);

INSERT INTO Supplier(idPerson) VALUES (76);
INSERT INTO Supplier(idPerson) VALUES (77);
INSERT INTO Supplier(idPerson) VALUES (78);
INSERT INTO Supplier(idPerson) VALUES (79);
INSERT INTO Supplier(idPerson) VALUES (80);
INSERT INTO Supplier(idPerson) VALUES (81);
INSERT INTO Supplier(idPerson) VALUES (82);
INSERT INTO Supplier(idPerson) VALUES (83);
INSERT INTO Supplier(idPerson) VALUES (84);
INSERT INTO Supplier(idPerson) VALUES (85);
INSERT INTO Supplier(idPerson) VALUES (86);
INSERT INTO Supplier(idPerson) VALUES (87);
INSERT INTO Supplier(idPerson) VALUES (88);
INSERT INTO Supplier(idPerson) VALUES (89);
INSERT INTO Supplier(idPerson) VALUES (90);
INSERT INTO Supplier(idPerson) VALUES (91);
INSERT INTO Supplier(idPerson) VALUES (92);
INSERT INTO Supplier(idPerson) VALUES (93);
INSERT INTO Supplier(idPerson) VALUES (94);
INSERT INTO Supplier(idPerson) VALUES (95);
INSERT INTO Supplier(idPerson) VALUES (96);
INSERT INTO Supplier(idPerson) VALUES (97);
INSERT INTO Supplier(idPerson) VALUES (98);
INSERT INTO Supplier(idPerson) VALUES (99);
INSERT INTO Supplier(idPerson) VALUES (100);

INSERT INTO Userino (idPerson,photograph,password,salary,userName) VALUES (1,'C:\Users\Joao\Desktop\name.jpg','ZNW61BWI8UX','7928.94','Kitra');
INSERT INTO Userino (idPerson,photograph,password,salary,userName) VALUES (2,'C:\Users\Joao\Desktop\name.jpg','XLQ82WRP7FP','0879.38','Rebekah');
INSERT INTO Userino (idPerson,photograph,password,salary,userName) VALUES (3,'C:\Users\Joao\Desktop\name.jpg','BPN66YSP1AL','0638.72','Yvette');
INSERT INTO Userino (idPerson,photograph,password,salary,userName) VALUES (4,'C:\Users\Joao\Desktop\name.jpg','ELQ83KNV7OX','8705.37','Adena');
INSERT INTO Userino (idPerson,photograph,password,salary,userName) VALUES (5,'C:\Users\Joao\Desktop\name.jpg','DQH22CZF2GY','1919.97','Celeste');
INSERT INTO Userino (idPerson,photograph,password,salary,userName) VALUES (6,'C:\Users\Joao\Desktop\name.jpg','CPY10CUD4CF','8078.89','Shelly');
INSERT INTO Userino (idPerson,photograph,password,salary,userName) VALUES (7,'C:\Users\Joao\Desktop\name.jpg','JQC98WVD7YF','3653.34','Calista');
INSERT INTO Userino (idPerson,photograph,password,salary,userName) VALUES (8,'C:\Users\Joao\Desktop\name.jpg','VQM00OER7SM','6621.38','Sydnee');
INSERT INTO Userino (idPerson,photograph,password,salary,userName) VALUES (9,'C:\Users\Joao\Desktop\name.jpg','FLX57WBG4LI','0281.33','Rigel');
INSERT INTO Userino (idPerson,photograph,password,salary,userName) VALUES (10,'C:\Users\Joao\Desktop\name.jpg','PKZ86NMO0MC','5934.52','Belle');
INSERT INTO Userino (idPerson,photograph,password,salary,userName) VALUES (11,'C:\Users\Joao\Desktop\name.jpg','NSW02YKZ8KF','3942.76','Cassandra');
INSERT INTO Userino (idPerson,photograph,password,salary,userName) VALUES (12,'C:\Users\Joao\Desktop\name.jpg','UEC52TDB3IH','1946.61','Harrison');
INSERT INTO Userino (idPerson,photograph,password,salary,userName) VALUES (13,'C:\Users\Joao\Desktop\name.jpg','WNB87AGQ1WD','7679.27','Ursa');
INSERT INTO Userino (idPerson,photograph,password,salary,userName) VALUES (14,'C:\Users\Joao\Desktop\name.jpg','JGI44XZP0FG','5293.53','Sybil');
INSERT INTO Userino (idPerson,photograph,password,salary,userName) VALUES (15,'C:\Users\Joao\Desktop\name.jpg','VYF43CSH2XL','1299.08','Meghan');
INSERT INTO Userino (idPerson,photograph,password,salary,userName) VALUES (16,'C:\Users\Joao\Desktop\name.jpg','LEL25ZCT9OB','0585.35','Joan');
INSERT INTO Userino (idPerson,photograph,password,salary,userName) VALUES (17,'C:\Users\Joao\Desktop\name.jpg','BLX45ZYE0EZ','0787.56','Penelope');
INSERT INTO Userino (idPerson,photograph,password,salary,userName) VALUES (18,'C:\Users\Joao\Desktop\name.jpg','OCR74BTC7FU','5958.46','Carla');
INSERT INTO Userino (idPerson,photograph,password,salary,userName) VALUES (19,'C:\Users\Joao\Desktop\name.jpg','AFP22LRL7GZ','6820.15','Scarlet');
INSERT INTO Userino (idPerson,photograph,password,salary,userName) VALUES (20,'C:\Users\Joao\Desktop\name.jpg','DTS16VXS0OC','8674.33','Holmes');
INSERT INTO Userino (idPerson,photograph,password,salary,userName) VALUES (21,'C:\Users\Joao\Desktop\name.jpg','QMN76BKY0WY','3818.28','Brenna');
INSERT INTO Userino (idPerson,photograph,password,salary,userName) VALUES (22,'C:\Users\Joao\Desktop\name.jpg','BYC38TPH8IE','8183.27','Deanna');
INSERT INTO Userino (idPerson,photograph,password,salary,userName) VALUES (23,'C:\Users\Joao\Desktop\name.jpg','GHT44ZCL5KA','4082.97','Dawn');
INSERT INTO Userino (idPerson,photograph,password,salary,userName) VALUES (24,'C:\Users\Joao\Desktop\name.jpg','HVN32QWQ5HO','5547.23','Camille');
INSERT INTO Userino (idPerson,photograph,password,salary,userName) VALUES (25,'C:\Users\Joao\Desktop\name.jpg','LZQ39BYI1SE','0634.46','Naomi');
INSERT INTO Userino (idPerson,photograph,password,salary,userName) VALUES (26,'C:\Users\Joao\Desktop\name.jpg','GQD50BSA6XW','3842.22','Ivor');
INSERT INTO Userino (idPerson,photograph,password,salary,userName) VALUES (27,'C:\Users\Joao\Desktop\name.jpg','SIY14CIA3SS','4917.44','Miranda');
INSERT INTO Userino (idPerson,photograph,password,salary,userName) VALUES (28,'C:\Users\Joao\Desktop\name.jpg','GLK30VQM0ZF','1355.67','Bernard');
INSERT INTO Userino (idPerson,photograph,password,salary,userName) VALUES (29,'C:\Users\Joao\Desktop\name.jpg','REU22NOS6BK','2077.25','Moses');
INSERT INTO Userino (idPerson,photograph,password,salary,userName) VALUES (30,'C:\Users\Joao\Desktop\name.jpg','RJK27DOL3PR','6043.03','Xandra');
INSERT INTO Userino (idPerson,photograph,password,salary,userName) VALUES (31,'C:\Users\Joao\Desktop\name.jpg','WEM88PNV9ZB','0359.61','Herrod');
INSERT INTO Userino (idPerson,photograph,password,salary,userName) VALUES (32,'C:\Users\Joao\Desktop\name.jpg','LSL13OAC1PN','4271.11','Ann');
INSERT INTO Userino (idPerson,photograph,password,salary,userName) VALUES (33,'C:\Users\Joao\Desktop\name.jpg','VNT95VDY2IT','1931.26','Evan');
INSERT INTO Userino (idPerson,photograph,password,salary,userName) VALUES (34,'C:\Users\Joao\Desktop\name.jpg','YWD27JOH9MG','0443.52','Brenden');
INSERT INTO Userino (idPerson,photograph,password,salary,userName) VALUES (35,'C:\Users\Joao\Desktop\name.jpg','PMI05VEC9IS','2065.91','Sandra');
INSERT INTO Userino (idPerson,photograph,password,salary,userName) VALUES (36,'C:\Users\Joao\Desktop\name.jpg','HTB05DEM5CR','6871.33','Dorothy');
INSERT INTO Userino (idPerson,photograph,password,salary,userName) VALUES (37,'C:\Users\Joao\Desktop\name.jpg','YSG42CCG8VP','6605.70','Kaye');
INSERT INTO Userino (idPerson,photograph,password,salary,userName) VALUES (38,'C:\Users\Joao\Desktop\name.jpg','ANF73DRY3QV','1017.83','Giacomo');
INSERT INTO Userino (idPerson,photograph,password,salary,userName) VALUES (39,'C:\Users\Joao\Desktop\name.jpg','PHE23EAI8AI','4574.34','Dai');
INSERT INTO Userino (idPerson,photograph,password,salary,userName) VALUES (40,'C:\Users\Joao\Desktop\name.jpg','AUI60DAK3KO','1883.86','Vladimir');
INSERT INTO Userino (idPerson,photograph,password,salary,userName) VALUES (41,'C:\Users\Joao\Desktop\name.jpg','NOO43WVY5IH','9011.31','Porter');
INSERT INTO Userino (idPerson,photograph,password,salary,userName) VALUES (42,'C:\Users\Joao\Desktop\name.jpg','BOM20IMJ4DG','6073.70','Coby');
INSERT INTO Userino (idPerson,photograph,password,salary,userName) VALUES (43,'C:\Users\Joao\Desktop\name.jpg','UVA54HLZ5GP','4988.11','Kato');
INSERT INTO Userino (idPerson,photograph,password,salary,userName) VALUES (44,'C:\Users\Joao\Desktop\name.jpg','NSH81XYI1JA','4500.35','Hiram');
INSERT INTO Userino (idPerson,photograph,password,salary,userName) VALUES (45,'C:\Users\Joao\Desktop\name.jpg','MKK76YBA5YC','9177.62','Matthew');
INSERT INTO Userino (idPerson,photograph,password,salary,userName) VALUES (46,'C:\Users\Joao\Desktop\name.jpg','GFF93CNC2ON','9562.35','Montana');
INSERT INTO Userino (idPerson,photograph,password,salary,userName) VALUES (47,'C:\Users\Joao\Desktop\name.jpg','KUE06QTK2JB','1204.44','Carissa');
INSERT INTO Userino (idPerson,photograph,password,salary,userName) VALUES (48,'C:\Users\Joao\Desktop\name.jpg','XVN88KLO0KB','2955.15','Arsenio');
INSERT INTO Userino (idPerson,photograph,password,salary,userName) VALUES (49,'C:\Users\Joao\Desktop\name.jpg','EYM02PML2NR','2505.91','Kennan');
INSERT INTO Userino (idPerson,photograph,password,salary,userName) VALUES (50,'C:\Users\Joao\Desktop\name.jpg','JMN78PFZ0AG','7213.84','Liberty');

INSERT INTO Manager (idPerson) VALUES (1);

INSERT INTO PoSOperator (idPerson) VALUES (2);
INSERT INTO PoSOperator (idPerson) VALUES (3);
INSERT INTO PoSOperator (idPerson) VALUES (4);
INSERT INTO PoSOperator (idPerson) VALUES (5);
INSERT INTO PoSOperator (idPerson) VALUES (6);
INSERT INTO PoSOperator (idPerson) VALUES (7);
INSERT INTO PoSOperator (idPerson) VALUES (8);
INSERT INTO PoSOperator (idPerson) VALUES (9);
INSERT INTO PoSOperator (idPerson) VALUES (10);
INSERT INTO PoSOperator (idPerson) VALUES (11);
INSERT INTO PoSOperator (idPerson) VALUES (12);

INSERT INTO ShopKeeper (idPerson) VALUES (13);
INSERT INTO ShopKeeper (idPerson) VALUES (14);
INSERT INTO ShopKeeper (idPerson) VALUES (15);
INSERT INTO ShopKeeper (idPerson) VALUES (16);
INSERT INTO ShopKeeper (idPerson) VALUES (17);
INSERT INTO ShopKeeper (idPerson) VALUES (18);
INSERT INTO ShopKeeper (idPerson) VALUES (19);
INSERT INTO ShopKeeper (idPerson) VALUES (20);
INSERT INTO ShopKeeper (idPerson) VALUES (21);
INSERT INTO ShopKeeper (idPerson) VALUES (22);
INSERT INTO ShopKeeper (idPerson) VALUES (23);
INSERT INTO ShopKeeper (idPerson) VALUES (24);
INSERT INTO ShopKeeper (idPerson) VALUES (25);
INSERT INTO ShopKeeper (idPerson) VALUES (26);
INSERT INTO ShopKeeper (idPerson) VALUES (27);
INSERT INTO ShopKeeper (idPerson) VALUES (28);
INSERT INTO ShopKeeper (idPerson) VALUES (29);
INSERT INTO ShopKeeper (idPerson) VALUES (30);
INSERT INTO ShopKeeper (idPerson) VALUES (31);
INSERT INTO ShopKeeper (idPerson) VALUES (32);
INSERT INTO ShopKeeper (idPerson) VALUES (33);
INSERT INTO ShopKeeper (idPerson) VALUES (34);
INSERT INTO ShopKeeper (idPerson) VALUES (35);
INSERT INTO ShopKeeper (idPerson) VALUES (36);
INSERT INTO ShopKeeper (idPerson) VALUES (37);
INSERT INTO ShopKeeper (idPerson) VALUES (38);
INSERT INTO ShopKeeper (idPerson) VALUES (39);
INSERT INTO ShopKeeper (idPerson) VALUES (40);
INSERT INTO ShopKeeper (idPerson) VALUES (41);
INSERT INTO ShopKeeper (idPerson) VALUES (42);
INSERT INTO ShopKeeper (idPerson) VALUES (43);
INSERT INTO ShopKeeper (idPerson) VALUES (44);
INSERT INTO ShopKeeper (idPerson) VALUES (45);
INSERT INTO ShopKeeper (idPerson) VALUES (46);
INSERT INTO ShopKeeper (idPerson) VALUES (47);
INSERT INTO ShopKeeper (idPerson) VALUES (48);
INSERT INTO ShopKeeper (idPerson) VALUES (49);
INSERT INTO ShopKeeper (idPerson) VALUES (50);

INSERT INTO Report (name, idReport,content,completionDate,idPerson,type) VALUES ('Lorem ipsum',1,'Lorem ipsum dolor sit amet, consectetuer adipiscing elit. Curabitur sed tortor. Integer aliquam adipiscing lacus. Ut nec urna et arcu imperdiet ullamcorper. Duis at lacus. Quisque purus sapien, gravida non, sollicitudin a, malesuada id,','2014-04-17 18:21:04',10,'Delivery');
INSERT INTO Report (name, idReport,content,completionDate,idPerson,type) VALUES ('Lorem ipsum',2,'Lorem ipsum dolor sit amet, consectetuer adipiscing elit. Curabitur sed tortor. Integer aliquam adipiscing lacus. Ut nec urna et arcu imperdiet ullamcorper. Duis at lacus. Quisque purus sapien, gravida non, sollicitudin a, malesuada id, erat. Etiam vestibulum massa rutrum magna. Cras convallis convallis dolor. Quisque tincidunt pede','2014-07-19 03:33:05',3,'Deposit');
INSERT INTO Report (name, idReport,content,completionDate,idPerson,type) VALUES ('Lorem ipsum',3,'Lorem ipsum dolor sit amet, consectetuer adipiscing elit. Curabitur sed tortor. Integer aliquam adipiscing lacus. Ut nec urna et arcu imperdiet ullamcorper. Duis at lacus. Quisque purus sapien, gravida non, sollicitudin a, malesuada id, erat. Etiam vestibulum massa rutrum magna. Cras convallis convallis dolor. Quisque tincidunt pede ac urna. Ut tincidunt vehicula risus. Nulla eget metus eu erat semper rutrum. Fusce dolor quam, elementum at, egestas a, scelerisque sed, sapien. Nunc pulvinar arcu et pede. Nunc sed orci lobortis augue scelerisque mollis. Phasellus libero mauris, aliquam eu, accumsan sed, facilisis vitae, orci. Phasellus dapibus quam quis diam. Pellentesque habitant morbi tristique senectus et netus et malesuada fames ac turpis egestas. Fusce aliquet magna a neque. Nullam ut nisi a odio semper cursus. Integer mollis. Integer tincidunt aliquam arcu. Aliquam ultrices iaculis odio. Nam interdum enim non nisi. Aenean eget metus. In nec orci. Donec nibh. Quisque nonummy ipsum non arcu. Vivamus sit amet risus. Donec egestas. Aliquam nec enim. Nunc ut erat. Sed nunc est, mollis non, cursus non, egestas a, dui. Cras pellentesque. Sed dictum. Proin eget odio. Aliquam vulputate ullamcorper magna. Sed eu eros. Nam consequat','2015-02-02 03:45:51',8,'Sales');
INSERT INTO Report (name, idReport,content,completionDate,idPerson,type) VALUES ('Lorem ipsum',4,'Lorem ipsum dolor sit amet, consectetuer adipiscing elit. Curabitur sed tortor. Integer aliquam adipiscing lacus. Ut nec urna et arcu imperdiet ullamcorper. Duis at lacus. Quisque purus sapien, gravida non, sollicitudin a, malesuada id, erat. Etiam vestibulum massa rutrum magna. Cras convallis convallis dolor. Quisque tincidunt pede ac urna. Ut tincidunt vehicula risus. Nulla eget metus eu erat semper rutrum. Fusce dolor quam, elementum at, egestas a, scelerisque sed, sapien. Nunc pulvinar arcu et pede. Nunc sed orci lobortis augue scelerisque mollis. Phasellus libero mauris, aliquam eu, accumsan sed, facilisis vitae, orci. Phasellus dapibus quam quis diam. Pellentesque habitant morbi tristique senectus et netus et malesuada fames ac turpis egestas. Fusce aliquet magna a neque. Nullam ut nisi a odio semper cursus. Integer mollis. Integer tincidunt aliquam arcu. Aliquam ultrices iaculis odio. Nam interdum enim non nisi. Aenean eget metus. In nec orci.','2014-07-25 02:27:03',11,'Delivery');
INSERT INTO Report (name, idReport,content,completionDate,idPerson,type) VALUES ('Lorem ipsum',5,'Lorem ipsum dolor sit amet, consectetuer adipiscing elit. Curabitur sed tortor. Integer aliquam adipiscing lacus. Ut nec urna et arcu imperdiet ullamcorper. Duis at lacus. Quisque purus sapien, gravida non, sollicitudin a, malesuada id, erat. Etiam vestibulum massa rutrum magna. Cras convallis convallis dolor. Quisque tincidunt pede ac urna. Ut tincidunt vehicula risus. Nulla eget metus eu erat semper rutrum. Fusce dolor quam, elementum at, egestas a, scelerisque sed, sapien. Nunc pulvinar arcu et pede. Nunc sed orci lobortis augue scelerisque mollis. Phasellus libero mauris, aliquam eu, accumsan sed, facilisis vitae, orci. Phasellus dapibus quam quis diam. Pellentesque habitant morbi tristique senectus et netus et malesuada fames ac turpis egestas. Fusce aliquet magna a neque. Nullam ut nisi a odio semper cursus. Integer mollis. Integer tincidunt aliquam arcu. Aliquam ultrices iaculis odio. Nam interdum enim non','2013-08-14 06:49:35',12,'Sales');
INSERT INTO Report (name, idReport,content,completionDate,idPerson,type) VALUES ('Lorem ipsum',6,'Lorem ipsum dolor sit amet, consectetuer adipiscing elit. Curabitur sed tortor. Integer aliquam adipiscing lacus. Ut nec urna et arcu imperdiet ullamcorper. Duis at lacus. Quisque purus sapien, gravida non, sollicitudin a, malesuada id, erat. Etiam vestibulum massa rutrum magna. Cras convallis convallis dolor. Quisque tincidunt pede ac urna. Ut tincidunt vehicula risus. Nulla eget metus eu erat semper rutrum. Fusce dolor quam, elementum at, egestas a, scelerisque sed, sapien. Nunc pulvinar arcu et pede. Nunc sed orci lobortis augue scelerisque mollis. Phasellus libero mauris, aliquam eu, accumsan sed, facilisis vitae, orci. Phasellus dapibus quam quis diam. Pellentesque habitant morbi tristique senectus et netus et malesuada fames ac turpis egestas. Fusce aliquet magna a neque. Nullam ut nisi a odio semper cursus. Integer mollis. Integer tincidunt aliquam arcu. Aliquam ultrices iaculis odio. Nam interdum enim non nisi. Aenean eget metus. In nec orci. Donec nibh. Quisque nonummy ipsum non arcu. Vivamus sit amet risus. Donec egestas. Aliquam nec enim. Nunc ut erat. Sed nunc est, mollis non, cursus non, egestas a, dui. Cras pellentesque. Sed dictum. Proin eget odio.','2013-06-09 17:40:12',3,'Sales');
INSERT INTO Report (name, idReport,content,completionDate,idPerson,type) VALUES ('Lorem ipsum',7,'Lorem ipsum dolor sit amet, consectetuer adipiscing elit. Curabitur sed tortor. Integer aliquam adipiscing lacus. Ut nec urna et arcu imperdiet ullamcorper. Duis at lacus. Quisque purus sapien, gravida non, sollicitudin a, malesuada id, erat. Etiam vestibulum massa rutrum magna. Cras convallis convallis dolor. Quisque tincidunt pede ac urna. Ut tincidunt vehicula risus. Nulla eget metus eu erat semper rutrum. Fusce dolor quam, elementum at, egestas a,','2015-02-16 01:44:49',5,'Sales');
INSERT INTO Report (name, idReport,content,completionDate,idPerson,type) VALUES ('Lorem ipsum',8,'Lorem ipsum dolor sit amet, consectetuer adipiscing elit. Curabitur sed tortor. Integer aliquam adipiscing lacus. Ut nec urna et arcu imperdiet ullamcorper. Duis at lacus. Quisque purus sapien, gravida non, sollicitudin a, malesuada id, erat. Etiam vestibulum massa rutrum magna. Cras convallis convallis dolor. Quisque tincidunt pede ac urna. Ut tincidunt vehicula risus. Nulla eget metus eu erat semper rutrum. Fusce dolor quam, elementum at, egestas a, scelerisque sed, sapien. Nunc pulvinar arcu et pede. Nunc sed orci lobortis augue scelerisque mollis. Phasellus libero mauris, aliquam eu, accumsan sed, facilisis vitae, orci. Phasellus dapibus quam quis diam. Pellentesque habitant morbi tristique senectus et netus et','2013-02-23 06:59:15',10,'Delivery');
INSERT INTO Report (name, idReport,content,completionDate,idPerson,type) VALUES ('Lorem ipsum',9,'Lorem ipsum dolor sit amet, consectetuer adipiscing elit. Curabitur sed tortor. Integer aliquam adipiscing lacus. Ut nec urna et arcu imperdiet ullamcorper. Duis at lacus. Quisque purus sapien, gravida non, sollicitudin a, malesuada id, erat. Etiam vestibulum massa rutrum magna. Cras convallis convallis dolor. Quisque tincidunt pede ac urna. Ut tincidunt vehicula risus. Nulla eget metus eu erat semper rutrum. Fusce dolor quam, elementum at, egestas a, scelerisque sed, sapien. Nunc pulvinar arcu et pede. Nunc sed orci lobortis augue scelerisque mollis. Phasellus libero mauris, aliquam eu, accumsan sed, facilisis vitae, orci. Phasellus dapibus quam quis diam. Pellentesque habitant morbi tristique senectus et netus et malesuada fames ac turpis egestas. Fusce aliquet magna a neque. Nullam ut nisi a odio semper cursus. Integer mollis.','2013-07-30 15:49:16',5,'Delivery');
INSERT INTO Report (name, idReport,content,completionDate,idPerson,type) VALUES ('Lorem ipsum',10,'Lorem ipsum dolor sit amet, consectetuer adipiscing elit. Curabitur sed tortor. Integer aliquam adipiscing lacus. Ut nec urna et arcu imperdiet ullamcorper. Duis at lacus. Quisque purus sapien, gravida non, sollicitudin a, malesuada id, erat. Etiam vestibulum massa rutrum magna. Cras convallis convallis dolor. Quisque tincidunt pede ac urna. Ut tincidunt vehicula risus. Nulla eget metus eu erat semper rutrum. Fusce dolor quam, elementum at, egestas a, scelerisque sed, sapien. Nunc','2013-06-03 15:24:54',9,'Deposit');
INSERT INTO Report (name, idReport,content,completionDate,idPerson,type) VALUES ('Lorem ipsum',11,'Lorem ipsum dolor sit amet, consectetuer adipiscing elit. Curabitur sed tortor. Integer aliquam adipiscing lacus. Ut nec urna et arcu imperdiet ullamcorper. Duis at lacus. Quisque purus sapien, gravida non, sollicitudin a, malesuada id, erat. Etiam vestibulum massa rutrum magna. Cras convallis convallis dolor. Quisque tincidunt pede ac urna. Ut tincidunt vehicula risus. Nulla eget metus eu erat semper rutrum. Fusce dolor quam, elementum at, egestas a, scelerisque sed, sapien. Nunc pulvinar arcu et pede. Nunc sed orci lobortis augue scelerisque mollis. Phasellus libero mauris, aliquam eu, accumsan','2014-12-19 15:47:48',5,'Sales');
INSERT INTO Report (name, idReport,content,completionDate,idPerson,type) VALUES ('Lorem ipsum',12,'Lorem ipsum dolor sit amet, consectetuer adipiscing elit. Curabitur sed tortor. Integer aliquam adipiscing lacus. Ut nec urna et arcu imperdiet ullamcorper. Duis at lacus. Quisque purus sapien, gravida non, sollicitudin a, malesuada id, erat. Etiam vestibulum massa rutrum magna. Cras convallis convallis dolor. Quisque tincidunt pede ac urna. Ut tincidunt vehicula risus. Nulla eget','2014-09-20 10:03:49',4,'Deposit');
INSERT INTO Report (name, idReport,content,completionDate,idPerson,type) VALUES ('Lorem ipsum',13,'Lorem ipsum dolor sit amet, consectetuer adipiscing elit. Curabitur sed tortor. Integer aliquam adipiscing lacus. Ut nec urna et arcu imperdiet ullamcorper. Duis at lacus. Quisque purus sapien, gravida non, sollicitudin a, malesuada id, erat. Etiam vestibulum massa rutrum magna. Cras convallis convallis dolor. Quisque tincidunt pede ac urna. Ut tincidunt vehicula risus. Nulla eget metus eu erat semper rutrum. Fusce dolor quam, elementum at, egestas a, scelerisque sed, sapien. Nunc pulvinar arcu et pede. Nunc sed orci lobortis augue scelerisque mollis. Phasellus libero mauris, aliquam eu, accumsan sed, facilisis vitae, orci. Phasellus dapibus quam quis diam. Pellentesque habitant morbi tristique senectus et netus et malesuada fames ac turpis egestas. Fusce aliquet magna a neque. Nullam ut nisi a odio semper cursus. Integer mollis. Integer tincidunt aliquam arcu. Aliquam ultrices iaculis odio. Nam interdum enim non nisi. Aenean eget metus. In nec orci. Donec nibh. Quisque nonummy ipsum','2013-10-02 23:40:20',8,'Deposit');
INSERT INTO Report (name, idReport,content,completionDate,idPerson,type) VALUES ('Lorem ipsum',14,'Lorem ipsum dolor sit amet, consectetuer adipiscing elit. Curabitur sed tortor. Integer aliquam adipiscing lacus. Ut nec urna et arcu imperdiet ullamcorper. Duis at lacus. Quisque purus sapien, gravida non, sollicitudin a, malesuada id, erat. Etiam vestibulum massa rutrum magna. Cras convallis convallis dolor. Quisque tincidunt pede','2014-12-11 21:24:05',7,'Deposit');
INSERT INTO Report (name, idReport,content,completionDate,idPerson,type) VALUES ('Lorem ipsum',15,'Lorem ipsum dolor sit amet, consectetuer adipiscing elit. Curabitur sed tortor. Integer aliquam adipiscing lacus. Ut nec urna et arcu imperdiet ullamcorper. Duis at lacus. Quisque purus sapien, gravida non, sollicitudin a, malesuada id, erat. Etiam vestibulum massa rutrum magna. Cras convallis convallis dolor. Quisque tincidunt pede ac urna. Ut tincidunt vehicula risus. Nulla eget metus eu erat semper rutrum. Fusce dolor quam, elementum at, egestas a, scelerisque sed, sapien. Nunc pulvinar arcu et pede. Nunc sed orci lobortis augue scelerisque mollis. Phasellus libero mauris, aliquam eu, accumsan sed, facilisis vitae, orci. Phasellus dapibus quam quis diam. Pellentesque habitant morbi tristique senectus et netus et malesuada fames ac turpis','2013-12-17 19:49:02',7,'Delivery');
INSERT INTO Report (name, idReport,content,completionDate,idPerson,type) VALUES ('Lorem ipsum',16,'Lorem ipsum dolor sit amet, consectetuer adipiscing elit. Curabitur sed tortor. Integer aliquam adipiscing lacus. Ut nec urna et arcu imperdiet ullamcorper. Duis at lacus. Quisque purus sapien, gravida non, sollicitudin a, malesuada id, erat. Etiam vestibulum massa rutrum magna. Cras convallis convallis dolor. Quisque tincidunt pede ac urna. Ut tincidunt vehicula risus. Nulla eget metus eu erat semper rutrum. Fusce dolor quam, elementum at, egestas a, scelerisque sed, sapien. Nunc pulvinar arcu et pede. Nunc sed orci lobortis augue scelerisque mollis. Phasellus libero mauris, aliquam eu, accumsan sed, facilisis vitae, orci. Phasellus dapibus quam quis diam. Pellentesque habitant morbi tristique senectus et netus et malesuada fames ac turpis egestas. Fusce aliquet magna a neque. Nullam ut nisi','2014-07-22 14:31:24',8,'Deposit');
INSERT INTO Report (name, idReport,content,completionDate,idPerson,type) VALUES ('Lorem ipsum',17,'Lorem ipsum dolor sit amet, consectetuer adipiscing elit. Curabitur sed tortor. Integer aliquam','2015-03-10 07:38:31',8,'Deposit');
INSERT INTO Report (name, idReport,content,completionDate,idPerson,type) VALUES ('Lorem ipsum',18,'Lorem ipsum dolor sit amet, consectetuer adipiscing elit. Curabitur sed tortor. Integer aliquam adipiscing lacus. Ut nec urna et arcu imperdiet ullamcorper. Duis at lacus. Quisque','2014-07-11 10:23:10',11,'Deposit');
INSERT INTO Report (name, idReport,content,completionDate,idPerson,type) VALUES ('Lorem ipsum',19,'Lorem ipsum dolor sit amet, consectetuer adipiscing elit. Curabitur sed tortor. Integer aliquam adipiscing lacus. Ut nec urna et arcu imperdiet ullamcorper. Duis at lacus. Quisque purus sapien, gravida non, sollicitudin a, malesuada id, erat. Etiam vestibulum massa rutrum magna. Cras convallis convallis dolor.','2014-01-03 16:51:18',4,'Sales');
INSERT INTO Report (name, idReport,content,completionDate,idPerson,type) VALUES ('Lorem ipsum',20,'Lorem ipsum dolor sit amet, consectetuer adipiscing elit. Curabitur sed tortor. Integer aliquam adipiscing lacus. Ut nec urna et arcu imperdiet ullamcorper. Duis at lacus. Quisque purus sapien, gravida non, sollicitudin a, malesuada id, erat. Etiam vestibulum massa rutrum magna. Cras convallis convallis dolor. Quisque tincidunt pede ac urna. Ut tincidunt vehicula risus. Nulla eget metus eu erat semper rutrum. Fusce dolor quam, elementum at, egestas a, scelerisque sed, sapien. Nunc pulvinar arcu et pede. Nunc sed orci lobortis augue scelerisque mollis. Phasellus libero mauris, aliquam eu, accumsan sed, facilisis vitae, orci. Phasellus dapibus quam quis diam. Pellentesque habitant morbi tristique senectus et netus et malesuada fames ac turpis egestas. Fusce aliquet magna a neque. Nullam ut nisi a odio semper cursus. Integer mollis. Integer tincidunt aliquam arcu. Aliquam ultrices iaculis odio. Nam interdum enim non nisi. Aenean eget metus. In nec orci. Donec nibh. Quisque nonummy ipsum non arcu. Vivamus sit amet','2013-05-12 05:18:50',2,'Sales');
INSERT INTO Report (name, idReport,content,completionDate,idPerson,type) VALUES ('Lorem ipsum',21,'Lorem ipsum dolor sit amet, consectetuer adipiscing elit. Curabitur sed tortor. Integer aliquam adipiscing lacus. Ut nec urna et arcu imperdiet ullamcorper. Duis at lacus. Quisque purus sapien, gravida non, sollicitudin a, malesuada id, erat. Etiam vestibulum massa rutrum magna. Cras convallis convallis dolor. Quisque tincidunt pede ac urna. Ut tincidunt vehicula risus. Nulla eget metus eu erat semper rutrum. Fusce dolor quam, elementum at, egestas a, scelerisque sed, sapien. Nunc pulvinar arcu et pede. Nunc sed orci lobortis augue scelerisque mollis. Phasellus libero mauris, aliquam eu, accumsan sed, facilisis vitae, orci. Phasellus dapibus quam quis diam. Pellentesque habitant morbi tristique senectus et netus et malesuada fames ac turpis egestas. Fusce aliquet magna a neque. Nullam ut nisi a odio semper cursus.','2013-08-29 06:42:51',3,'Deposit');
INSERT INTO Report (name, idReport,content,completionDate,idPerson,type) VALUES ('Lorem ipsum',22,'Lorem ipsum dolor sit amet, consectetuer adipiscing elit. Curabitur sed tortor. Integer aliquam adipiscing lacus. Ut nec urna et arcu imperdiet ullamcorper. Duis at lacus. Quisque purus sapien, gravida non, sollicitudin a, malesuada id, erat. Etiam vestibulum massa rutrum magna. Cras convallis convallis dolor. Quisque tincidunt pede ac urna. Ut tincidunt vehicula risus. Nulla eget metus eu erat semper rutrum. Fusce dolor quam, elementum at, egestas a, scelerisque sed, sapien. Nunc pulvinar arcu et pede. Nunc sed orci lobortis augue scelerisque mollis. Phasellus libero mauris, aliquam eu, accumsan sed, facilisis vitae, orci. Phasellus dapibus quam quis diam. Pellentesque habitant morbi tristique senectus et netus et malesuada fames ac turpis egestas. Fusce aliquet magna a neque. Nullam ut nisi a odio semper cursus. Integer mollis. Integer tincidunt aliquam arcu. Aliquam ultrices iaculis odio. Nam interdum enim non nisi. Aenean eget metus. In nec orci. Donec nibh. Quisque nonummy ipsum non arcu. Vivamus sit amet risus. Donec egestas. Aliquam nec enim. Nunc ut','2014-01-24 01:37:25',8,'Delivery');
INSERT INTO Report (name, idReport,content,completionDate,idPerson,type) VALUES ('Lorem ipsum',23,'Lorem ipsum dolor sit amet, consectetuer adipiscing elit. Curabitur sed tortor. Integer aliquam adipiscing lacus. Ut nec urna et arcu imperdiet ullamcorper. Duis at lacus. Quisque purus sapien, gravida non, sollicitudin a, malesuada id, erat. Etiam vestibulum massa rutrum magna. Cras convallis convallis dolor. Quisque tincidunt pede ac urna. Ut tincidunt vehicula risus. Nulla eget metus eu erat semper rutrum. Fusce dolor quam, elementum at, egestas a, scelerisque sed, sapien. Nunc pulvinar arcu et pede. Nunc sed orci lobortis augue scelerisque mollis. Phasellus libero mauris, aliquam eu, accumsan sed, facilisis vitae, orci. Phasellus dapibus quam quis diam. Pellentesque habitant morbi tristique senectus et netus et malesuada fames ac turpis egestas. Fusce aliquet magna a neque. Nullam ut nisi a odio semper cursus. Integer mollis. Integer tincidunt aliquam arcu. Aliquam ultrices iaculis odio. Nam interdum enim non nisi. Aenean eget metus. In nec orci. Donec nibh. Quisque nonummy ipsum non arcu. Vivamus sit amet risus. Donec egestas. Aliquam nec enim. Nunc ut erat. Sed nunc est, mollis non, cursus non, egestas a, dui. Cras pellentesque. Sed dictum. Proin eget odio. Aliquam vulputate ullamcorper magna. Sed eu eros. Nam consequat dolor vitae dolor. Donec fringilla. Donec feugiat metus sit amet','2014-05-21 23:16:35',11,'Deposit');
INSERT INTO Report (name, idReport,content,completionDate,idPerson,type) VALUES ('Lorem ipsum',24,'Lorem ipsum dolor sit amet, consectetuer adipiscing elit. Curabitur sed tortor. Integer aliquam adipiscing lacus. Ut nec urna et arcu imperdiet ullamcorper. Duis at lacus. Quisque purus sapien, gravida non, sollicitudin a, malesuada id, erat. Etiam vestibulum massa rutrum magna. Cras convallis convallis dolor. Quisque tincidunt pede ac urna. Ut tincidunt vehicula risus. Nulla eget metus eu erat semper rutrum. Fusce dolor quam, elementum at, egestas a, scelerisque sed, sapien. Nunc pulvinar arcu et pede. Nunc sed orci lobortis augue scelerisque mollis. Phasellus libero mauris, aliquam eu, accumsan sed, facilisis vitae, orci. Phasellus dapibus quam quis diam. Pellentesque habitant morbi tristique senectus et netus et malesuada fames ac turpis egestas. Fusce aliquet magna a neque. Nullam ut nisi a odio semper cursus. Integer mollis. Integer tincidunt aliquam arcu. Aliquam ultrices iaculis odio. Nam interdum enim non nisi. Aenean eget metus. In nec orci. Donec nibh. Quisque nonummy ipsum non arcu. Vivamus sit amet risus. Donec egestas.','2014-02-11 23:24:43',12,'Deposit');
INSERT INTO Report (name, idReport,content,completionDate,idPerson,type) VALUES ('Lorem ipsum',25,'Lorem ipsum dolor sit amet, consectetuer adipiscing elit. Curabitur sed tortor. Integer aliquam adipiscing lacus. Ut nec urna et arcu imperdiet ullamcorper. Duis at lacus. Quisque purus sapien, gravida non, sollicitudin a, malesuada id, erat. Etiam vestibulum massa rutrum magna. Cras convallis convallis dolor. Quisque tincidunt pede ac urna. Ut tincidunt vehicula risus. Nulla eget metus eu erat semper rutrum. Fusce dolor quam, elementum at, egestas a, scelerisque sed, sapien. Nunc pulvinar arcu et pede. Nunc sed orci lobortis augue scelerisque mollis. Phasellus libero mauris, aliquam eu, accumsan sed, facilisis vitae, orci. Phasellus dapibus quam quis diam. Pellentesque habitant morbi tristique senectus et netus et malesuada fames ac turpis egestas. Fusce aliquet magna a neque. Nullam ut nisi a odio semper cursus. Integer mollis. Integer tincidunt aliquam arcu. Aliquam ultrices iaculis odio. Nam interdum enim','2013-03-02 20:05:43',12,'Deposit');
INSERT INTO Report (name, idReport,content,completionDate,idPerson,type) VALUES ('Lorem ipsum',26,'Lorem ipsum dolor sit amet, consectetuer adipiscing elit. Curabitur sed tortor. Integer aliquam adipiscing lacus. Ut nec urna et arcu imperdiet ullamcorper. Duis at lacus. Quisque purus sapien, gravida non, sollicitudin a, malesuada id, erat. Etiam vestibulum massa rutrum magna. Cras convallis convallis dolor. Quisque tincidunt pede ac urna. Ut tincidunt vehicula risus. Nulla eget metus eu erat semper rutrum. Fusce dolor quam, elementum at, egestas a, scelerisque sed, sapien. Nunc pulvinar arcu et pede. Nunc sed orci lobortis augue scelerisque mollis. Phasellus libero mauris, aliquam eu, accumsan sed, facilisis vitae, orci. Phasellus dapibus quam quis diam. Pellentesque habitant morbi tristique senectus et netus et malesuada fames ac turpis egestas. Fusce aliquet magna a neque. Nullam ut nisi a odio semper cursus. Integer mollis. Integer tincidunt aliquam arcu. Aliquam ultrices iaculis odio. Nam interdum enim non nisi. Aenean eget metus. In nec orci. Donec nibh. Quisque nonummy ipsum non arcu. Vivamus sit amet risus. Donec egestas. Aliquam nec enim. Nunc ut erat. Sed nunc est, mollis non, cursus','2014-01-24 16:47:44',11,'Delivery');
INSERT INTO Report (name, idReport,content,completionDate,idPerson,type) VALUES ('Lorem ipsum',27,'Lorem ipsum dolor sit amet, consectetuer adipiscing elit. Curabitur sed tortor. Integer aliquam adipiscing lacus. Ut nec urna et arcu imperdiet ullamcorper. Duis at lacus. Quisque purus sapien, gravida non, sollicitudin a, malesuada id, erat. Etiam vestibulum massa rutrum magna. Cras convallis convallis dolor. Quisque tincidunt pede ac urna. Ut tincidunt vehicula risus. Nulla eget metus eu erat semper rutrum. Fusce dolor quam, elementum at, egestas a, scelerisque sed, sapien. Nunc pulvinar arcu et pede. Nunc sed orci lobortis augue scelerisque mollis. Phasellus libero mauris, aliquam eu, accumsan sed, facilisis vitae, orci. Phasellus dapibus quam quis diam. Pellentesque habitant morbi tristique senectus et netus et malesuada fames ac turpis egestas. Fusce aliquet magna a neque. Nullam ut nisi a odio semper cursus. Integer mollis. Integer tincidunt aliquam arcu. Aliquam ultrices iaculis odio. Nam interdum enim non nisi. Aenean eget metus. In nec orci. Donec','2013-03-18 02:03:17',2,'Sales');
INSERT INTO Report (name, idReport,content,completionDate,idPerson,type) VALUES ('Lorem ipsum',28,'Lorem ipsum dolor sit amet, consectetuer adipiscing elit. Curabitur sed tortor. Integer aliquam adipiscing lacus. Ut nec urna et arcu imperdiet ullamcorper. Duis at lacus. Quisque purus sapien, gravida non, sollicitudin a, malesuada id, erat. Etiam vestibulum massa rutrum magna. Cras convallis convallis dolor. Quisque tincidunt pede ac urna. Ut tincidunt vehicula risus. Nulla eget metus eu erat semper rutrum. Fusce dolor quam, elementum at, egestas a, scelerisque sed, sapien. Nunc pulvinar arcu et pede. Nunc sed orci lobortis augue scelerisque mollis. Phasellus libero mauris, aliquam eu, accumsan sed, facilisis vitae, orci. Phasellus dapibus quam quis','2014-09-19 06:48:29',3,'Sales');
INSERT INTO Report (name, idReport,content,completionDate,idPerson,type) VALUES ('Lorem ipsum',29,'Lorem ipsum dolor sit amet, consectetuer adipiscing elit. Curabitur sed tortor. Integer aliquam adipiscing lacus. Ut nec urna et arcu imperdiet ullamcorper. Duis at lacus. Quisque purus sapien, gravida non, sollicitudin a, malesuada id, erat. Etiam vestibulum massa rutrum magna. Cras convallis convallis dolor. Quisque tincidunt pede ac urna. Ut tincidunt vehicula risus. Nulla eget metus eu erat semper rutrum. Fusce dolor quam, elementum at, egestas a, scelerisque sed, sapien. Nunc pulvinar arcu et pede. Nunc sed orci lobortis augue scelerisque mollis. Phasellus libero mauris, aliquam eu, accumsan sed, facilisis vitae, orci. Phasellus dapibus quam quis diam. Pellentesque habitant morbi tristique senectus et netus et malesuada fames ac turpis egestas. Fusce aliquet magna a neque. Nullam ut nisi a odio semper cursus. Integer mollis. Integer tincidunt aliquam arcu. Aliquam ultrices iaculis odio. Nam interdum enim non nisi. Aenean eget metus. In nec orci. Donec nibh. Quisque nonummy ipsum non arcu. Vivamus sit amet risus. Donec egestas. Aliquam nec enim. Nunc ut erat. Sed nunc est, mollis non, cursus non, egestas a, dui.','2014-12-24 02:09:26',12,'Deposit');
INSERT INTO Report (name, idReport,content,completionDate,idPerson,type) VALUES ('Lorem ipsum',30,'Lorem ipsum dolor sit amet, consectetuer adipiscing elit. Curabitur sed tortor. Integer aliquam adipiscing lacus. Ut nec urna et arcu imperdiet ullamcorper. Duis at lacus. Quisque purus sapien, gravida non, sollicitudin a, malesuada id, erat. Etiam vestibulum massa rutrum magna. Cras convallis convallis dolor. Quisque tincidunt pede ac urna. Ut tincidunt vehicula risus. Nulla eget metus eu erat semper rutrum. Fusce dolor quam, elementum at, egestas a, scelerisque sed, sapien. Nunc pulvinar arcu et pede. Nunc sed orci lobortis augue scelerisque mollis. Phasellus libero mauris, aliquam eu, accumsan sed, facilisis vitae, orci. Phasellus dapibus quam quis diam. Pellentesque habitant morbi tristique senectus et netus et malesuada fames ac turpis egestas. Fusce aliquet magna a neque. Nullam ut nisi a','2014-10-20 22:27:22',12,'Delivery');
INSERT INTO Report (name, idReport,content,completionDate,idPerson,type) VALUES ('Lorem ipsum',31,'Lorem ipsum dolor sit amet, consectetuer adipiscing elit. Curabitur sed tortor. Integer aliquam adipiscing lacus. Ut nec urna et arcu imperdiet ullamcorper. Duis at lacus. Quisque purus sapien, gravida non, sollicitudin a, malesuada id, erat. Etiam vestibulum massa rutrum magna. Cras convallis convallis dolor. Quisque tincidunt pede ac urna. Ut tincidunt vehicula risus. Nulla eget metus eu erat semper rutrum. Fusce dolor quam, elementum at, egestas a, scelerisque sed, sapien. Nunc pulvinar arcu et pede. Nunc sed orci lobortis augue scelerisque mollis. Phasellus libero mauris, aliquam eu, accumsan sed, facilisis vitae, orci. Phasellus dapibus quam quis diam. Pellentesque habitant morbi tristique senectus et netus et malesuada fames ac turpis egestas. Fusce aliquet magna a neque. Nullam ut nisi a odio semper cursus. Integer mollis. Integer tincidunt aliquam arcu. Aliquam ultrices iaculis odio. Nam interdum enim non nisi. Aenean eget metus. In nec orci. Donec nibh. Quisque nonummy ipsum non arcu. Vivamus sit amet risus. Donec egestas. Aliquam nec enim. Nunc ut erat. Sed nunc est, mollis non, cursus non, egestas a, dui. Cras pellentesque. Sed dictum. Proin eget odio. Aliquam vulputate ullamcorper magna. Sed','2013-03-07 12:17:45',7,'Sales');
INSERT INTO Report (name, idReport,content,completionDate,idPerson,type) VALUES ('Lorem ipsum',32,'Lorem ipsum dolor sit amet, consectetuer adipiscing elit. Curabitur sed tortor. Integer aliquam adipiscing lacus. Ut nec urna et arcu imperdiet ullamcorper. Duis at lacus. Quisque purus sapien, gravida non, sollicitudin a, malesuada id, erat. Etiam vestibulum massa rutrum magna. Cras convallis convallis dolor. Quisque tincidunt pede ac urna. Ut tincidunt vehicula risus. Nulla eget metus eu erat semper rutrum. Fusce dolor quam, elementum at, egestas a, scelerisque sed, sapien. Nunc pulvinar arcu et pede. Nunc sed orci lobortis augue scelerisque mollis. Phasellus libero mauris, aliquam eu, accumsan sed, facilisis vitae, orci. Phasellus dapibus quam quis diam. Pellentesque habitant morbi tristique senectus et netus et malesuada fames ac turpis egestas. Fusce aliquet magna a neque. Nullam ut nisi a odio semper cursus. Integer mollis. Integer tincidunt aliquam arcu. Aliquam ultrices iaculis odio. Nam','2013-03-26 23:47:53',4,'Delivery');
INSERT INTO Report (name, idReport,content,completionDate,idPerson,type) VALUES ('Lorem ipsum',33,'Lorem ipsum dolor sit amet, consectetuer adipiscing elit. Curabitur sed tortor. Integer aliquam adipiscing lacus. Ut nec urna et arcu imperdiet ullamcorper. Duis at lacus. Quisque purus sapien, gravida non, sollicitudin a, malesuada id, erat. Etiam vestibulum massa rutrum magna. Cras convallis convallis dolor. Quisque tincidunt pede ac urna. Ut tincidunt vehicula risus. Nulla eget metus eu erat','2013-06-11 02:01:09',10,'Delivery');
INSERT INTO Report (name, idReport,content,completionDate,idPerson,type) VALUES ('Lorem ipsum',34,'Lorem ipsum dolor sit amet, consectetuer adipiscing elit. Curabitur sed tortor. Integer','2013-09-18 10:57:41',5,'Deposit');
INSERT INTO Report (name, idReport,content,completionDate,idPerson,type) VALUES ('Lorem ipsum',35,'Lorem ipsum dolor sit amet, consectetuer adipiscing elit. Curabitur sed tortor. Integer aliquam adipiscing lacus. Ut nec urna et arcu imperdiet ullamcorper. Duis at lacus. Quisque purus sapien, gravida non, sollicitudin a, malesuada id, erat. Etiam vestibulum massa rutrum magna. Cras convallis convallis dolor. Quisque tincidunt pede ac urna. Ut tincidunt vehicula risus. Nulla eget metus eu erat semper rutrum. Fusce dolor quam, elementum at, egestas a, scelerisque sed, sapien. Nunc pulvinar arcu et pede. Nunc sed orci lobortis augue scelerisque mollis. Phasellus libero mauris, aliquam eu, accumsan sed, facilisis vitae, orci. Phasellus dapibus quam quis diam. Pellentesque habitant morbi tristique senectus et netus et malesuada fames ac turpis egestas. Fusce aliquet magna a neque. Nullam ut nisi a odio semper cursus. Integer mollis. Integer tincidunt aliquam arcu. Aliquam ultrices','2014-10-01 06:21:03',5,'Deposit');
INSERT INTO Report (name, idReport,content,completionDate,idPerson,type) VALUES ('Lorem ipsum',36,'Lorem ipsum dolor sit amet, consectetuer adipiscing elit. Curabitur sed tortor. Integer aliquam adipiscing lacus. Ut nec urna et arcu imperdiet ullamcorper. Duis at lacus. Quisque purus sapien, gravida non, sollicitudin a, malesuada id, erat. Etiam vestibulum massa rutrum magna. Cras convallis convallis dolor. Quisque tincidunt pede ac urna. Ut tincidunt vehicula risus. Nulla eget metus eu erat semper rutrum. Fusce dolor quam, elementum at, egestas a, scelerisque sed, sapien. Nunc pulvinar arcu et pede. Nunc sed orci lobortis augue scelerisque mollis. Phasellus libero mauris, aliquam eu, accumsan sed, facilisis vitae, orci. Phasellus dapibus quam quis diam. Pellentesque habitant morbi tristique senectus et netus et malesuada fames ac turpis egestas. Fusce aliquet','2014-08-29 11:28:54',12,'Deposit');
INSERT INTO Report (name, idReport,content,completionDate,idPerson,type) VALUES ('Lorem ipsum',37,'Lorem ipsum dolor sit amet, consectetuer adipiscing elit. Curabitur sed tortor. Integer aliquam adipiscing lacus. Ut nec urna et arcu imperdiet ullamcorper. Duis at lacus. Quisque purus sapien, gravida non, sollicitudin a, malesuada id, erat. Etiam vestibulum massa rutrum magna. Cras convallis convallis dolor. Quisque tincidunt pede ac urna. Ut tincidunt vehicula risus. Nulla eget metus eu erat semper rutrum. Fusce dolor quam, elementum at, egestas a, scelerisque sed, sapien. Nunc pulvinar arcu et pede. Nunc sed orci lobortis augue scelerisque mollis. Phasellus libero mauris, aliquam eu, accumsan sed, facilisis vitae, orci. Phasellus dapibus quam quis diam. Pellentesque habitant morbi tristique senectus et netus et malesuada fames ac turpis egestas. Fusce aliquet magna a neque. Nullam ut nisi a odio semper cursus. Integer mollis. Integer','2014-10-26 12:42:23',7,'Delivery');
INSERT INTO Report (name, idReport,content,completionDate,idPerson,type) VALUES ('Lorem ipsum',38,'Lorem ipsum dolor sit amet, consectetuer adipiscing elit. Curabitur sed tortor. Integer aliquam adipiscing lacus. Ut nec urna et arcu imperdiet ullamcorper. Duis at lacus. Quisque purus sapien, gravida non, sollicitudin a, malesuada id, erat. Etiam vestibulum massa rutrum magna. Cras convallis convallis dolor. Quisque tincidunt pede ac urna. Ut tincidunt vehicula risus. Nulla eget metus eu erat semper rutrum. Fusce dolor quam, elementum at, egestas a, scelerisque sed, sapien. Nunc pulvinar arcu et pede. Nunc sed orci lobortis augue scelerisque mollis. Phasellus libero mauris, aliquam eu, accumsan sed, facilisis vitae, orci. Phasellus dapibus quam quis diam. Pellentesque habitant morbi tristique senectus et netus et malesuada fames ac turpis egestas. Fusce aliquet magna a neque. Nullam ut nisi a odio semper cursus. Integer mollis. Integer tincidunt aliquam arcu. Aliquam ultrices iaculis odio. Nam interdum enim non nisi. Aenean eget metus. In nec orci. Donec nibh. Quisque nonummy ipsum non arcu. Vivamus sit amet risus. Donec egestas. Aliquam nec enim. Nunc ut erat. Sed nunc est, mollis','2014-04-27 16:29:23',9,'Sales');
INSERT INTO Report (name, idReport,content,completionDate,idPerson,type) VALUES ('Lorem ipsum',39,'Lorem ipsum dolor sit amet, consectetuer adipiscing elit. Curabitur sed tortor. Integer aliquam adipiscing lacus. Ut nec urna et arcu imperdiet ullamcorper. Duis at lacus. Quisque purus sapien, gravida non, sollicitudin a, malesuada id, erat. Etiam vestibulum massa rutrum magna. Cras convallis convallis dolor. Quisque tincidunt pede ac urna. Ut tincidunt vehicula risus. Nulla eget metus eu erat semper rutrum. Fusce dolor quam, elementum at, egestas a, scelerisque sed, sapien. Nunc pulvinar arcu et pede. Nunc sed orci lobortis augue scelerisque mollis. Phasellus libero mauris, aliquam eu, accumsan sed, facilisis vitae, orci. Phasellus dapibus','2014-03-23 09:47:54',4,'Deposit');
INSERT INTO Report (name, idReport,content,completionDate,idPerson,type) VALUES ('Lorem ipsum',40,'Lorem ipsum dolor sit amet, consectetuer adipiscing elit. Curabitur sed tortor. Integer aliquam adipiscing lacus. Ut nec urna et arcu imperdiet ullamcorper. Duis at lacus. Quisque purus sapien, gravida non, sollicitudin a, malesuada id, erat. Etiam vestibulum massa rutrum','2013-10-15 21:20:17',4,'Deposit');
INSERT INTO Report (name, idReport,content,completionDate,idPerson,type) VALUES ('Lorem ipsum',41,'Lorem ipsum dolor sit amet, consectetuer adipiscing elit. Curabitur sed tortor. Integer aliquam adipiscing lacus. Ut nec urna et arcu imperdiet ullamcorper. Duis at lacus. Quisque purus sapien, gravida non, sollicitudin a, malesuada id, erat. Etiam vestibulum massa rutrum magna. Cras convallis convallis dolor. Quisque tincidunt pede ac urna. Ut tincidunt vehicula risus. Nulla eget metus eu erat semper rutrum. Fusce dolor quam, elementum at, egestas a, scelerisque','2014-03-30 14:34:48',10,'Deposit');
INSERT INTO Report (name, idReport,content,completionDate,idPerson,type) VALUES ('Lorem ipsum',42,'Lorem ipsum dolor sit amet, consectetuer adipiscing elit. Curabitur sed tortor. Integer aliquam adipiscing lacus. Ut nec urna et arcu imperdiet ullamcorper. Duis at lacus. Quisque purus sapien, gravida non, sollicitudin a, malesuada id, erat. Etiam vestibulum massa rutrum magna. Cras convallis convallis dolor. Quisque tincidunt pede ac urna. Ut tincidunt vehicula risus. Nulla eget metus eu erat semper rutrum. Fusce dolor quam, elementum at, egestas a, scelerisque sed, sapien. Nunc pulvinar arcu et pede. Nunc sed orci lobortis augue scelerisque mollis. Phasellus libero mauris, aliquam eu, accumsan sed, facilisis vitae, orci. Phasellus dapibus quam quis diam. Pellentesque habitant morbi tristique senectus et','2014-07-14 11:16:25',8,'Deposit');
INSERT INTO Report (name, idReport,content,completionDate,idPerson,type) VALUES ('Lorem ipsum',43,'Lorem ipsum dolor sit amet, consectetuer adipiscing elit. Curabitur sed tortor. Integer aliquam adipiscing lacus. Ut nec urna et arcu imperdiet ullamcorper. Duis at lacus. Quisque purus sapien, gravida non, sollicitudin a,','2014-03-09 16:14:36',6,'Delivery');
INSERT INTO Report (name, idReport,content,completionDate,idPerson,type) VALUES ('Lorem ipsum',44,'Lorem ipsum dolor sit amet, consectetuer adipiscing elit. Curabitur sed tortor. Integer aliquam adipiscing lacus. Ut nec urna et arcu imperdiet ullamcorper. Duis at lacus. Quisque purus sapien, gravida non, sollicitudin a, malesuada id, erat. Etiam vestibulum massa rutrum magna. Cras convallis convallis dolor. Quisque tincidunt pede ac urna. Ut tincidunt vehicula risus. Nulla eget metus eu erat semper rutrum. Fusce dolor quam, elementum at, egestas a, scelerisque sed, sapien. Nunc pulvinar arcu et pede. Nunc sed orci lobortis augue scelerisque mollis. Phasellus libero mauris, aliquam eu, accumsan sed, facilisis vitae, orci. Phasellus dapibus quam quis diam. Pellentesque habitant morbi tristique senectus et netus et malesuada fames ac turpis egestas. Fusce aliquet magna a neque. Nullam ut nisi a odio semper cursus. Integer mollis. Integer','2013-07-05 14:45:21',9,'Sales');
INSERT INTO Report (name, idReport,content,completionDate,idPerson,type) VALUES ('Lorem ipsum',45,'Lorem ipsum dolor sit amet, consectetuer adipiscing elit. Curabitur sed tortor. Integer aliquam adipiscing lacus. Ut nec urna et arcu imperdiet ullamcorper. Duis at lacus. Quisque purus sapien, gravida non, sollicitudin a, malesuada id, erat. Etiam vestibulum massa rutrum magna. Cras convallis convallis dolor. Quisque tincidunt pede ac urna. Ut tincidunt vehicula risus. Nulla eget metus eu erat semper rutrum. Fusce dolor quam, elementum at, egestas a, scelerisque sed, sapien. Nunc pulvinar arcu et pede. Nunc sed orci lobortis augue scelerisque mollis. Phasellus libero','2013-05-16 06:52:47',9,'Deposit');
INSERT INTO Report (name, idReport,content,completionDate,idPerson,type) VALUES ('Lorem ipsum',46,'Lorem ipsum dolor sit amet, consectetuer adipiscing elit. Curabitur sed tortor. Integer aliquam adipiscing lacus. Ut nec urna et arcu imperdiet ullamcorper. Duis at lacus. Quisque purus sapien, gravida non, sollicitudin a, malesuada id, erat. Etiam vestibulum massa rutrum magna. Cras convallis convallis dolor. Quisque tincidunt pede ac urna. Ut tincidunt vehicula risus. Nulla eget','2014-11-11 04:23:10',12,'Deposit');
INSERT INTO Report (name, idReport,content,completionDate,idPerson,type) VALUES ('Lorem ipsum',47,'Lorem ipsum dolor sit amet, consectetuer adipiscing elit. Curabitur sed tortor. Integer aliquam adipiscing lacus. Ut nec urna et arcu imperdiet ullamcorper. Duis at lacus. Quisque purus sapien, gravida non, sollicitudin a, malesuada id, erat. Etiam vestibulum massa rutrum magna. Cras convallis convallis dolor. Quisque tincidunt pede ac urna. Ut tincidunt vehicula risus. Nulla eget metus eu erat semper rutrum. Fusce dolor quam, elementum at, egestas a, scelerisque sed, sapien. Nunc pulvinar arcu et pede. Nunc sed orci lobortis augue scelerisque mollis. Phasellus libero mauris, aliquam eu,','2014-05-30 05:57:59',5,'Deposit');
INSERT INTO Report (name, idReport,content,completionDate,idPerson,type) VALUES ('Lorem ipsum',48,'Lorem ipsum dolor sit amet, consectetuer adipiscing elit. Curabitur sed tortor. Integer aliquam adipiscing lacus. Ut nec urna et arcu imperdiet ullamcorper. Duis at lacus. Quisque purus sapien, gravida non, sollicitudin a, malesuada id, erat. Etiam vestibulum massa rutrum magna. Cras convallis convallis dolor. Quisque tincidunt pede ac urna. Ut tincidunt vehicula risus. Nulla eget metus eu erat semper rutrum. Fusce dolor quam, elementum at, egestas a, scelerisque sed, sapien. Nunc pulvinar arcu et pede. Nunc sed orci lobortis augue scelerisque mollis. Phasellus libero mauris, aliquam eu, accumsan sed, facilisis vitae, orci. Phasellus dapibus quam quis diam. Pellentesque','2014-09-05 21:48:35',2,'Deposit');
INSERT INTO Report (name, idReport,content,completionDate,idPerson,type) VALUES ('Lorem ipsum',49,'Lorem ipsum dolor sit amet, consectetuer adipiscing elit. Curabitur sed tortor. Integer aliquam adipiscing lacus. Ut nec urna et arcu imperdiet ullamcorper. Duis at lacus. Quisque purus sapien, gravida non, sollicitudin a, malesuada id, erat. Etiam vestibulum massa rutrum magna. Cras convallis convallis dolor. Quisque tincidunt pede ac urna. Ut tincidunt vehicula risus. Nulla eget metus eu erat semper rutrum. Fusce dolor quam, elementum at, egestas a, scelerisque sed, sapien. Nunc pulvinar arcu et pede. Nunc sed orci lobortis augue scelerisque mollis. Phasellus libero mauris, aliquam eu, accumsan sed, facilisis vitae, orci. Phasellus dapibus quam quis diam. Pellentesque habitant morbi tristique senectus et netus et malesuada fames ac turpis egestas. Fusce aliquet magna a neque. Nullam ut nisi a odio semper cursus. Integer mollis. Integer tincidunt aliquam arcu. Aliquam ultrices iaculis odio. Nam interdum enim non nisi. Aenean eget metus. In nec orci. Donec nibh. Quisque nonummy ipsum non arcu. Vivamus sit amet risus. Donec egestas. Aliquam nec enim. Nunc ut erat. Sed nunc est, mollis non, cursus non, egestas a, dui. Cras pellentesque. Sed dictum. Proin','2014-09-24 15:49:17',11,'Delivery');
INSERT INTO Report (name, idReport,content,completionDate,idPerson,type) VALUES ('Lorem ipsum',50,'Lorem ipsum dolor sit amet, consectetuer adipiscing elit. Curabitur sed tortor. Integer aliquam adipiscing lacus. Ut nec urna et arcu imperdiet ullamcorper. Duis at lacus. Quisque purus sapien, gravida non, sollicitudin a, malesuada id, erat. Etiam vestibulum massa rutrum magna. Cras convallis convallis dolor. Quisque tincidunt pede ac urna. Ut tincidunt vehicula risus. Nulla eget metus eu erat semper rutrum. Fusce dolor quam, elementum at, egestas a, scelerisque sed, sapien. Nunc pulvinar arcu et pede. Nunc sed orci lobortis augue scelerisque mollis. Phasellus libero mauris, aliquam eu, accumsan sed, facilisis vitae, orci. Phasellus dapibus quam quis diam. Pellentesque habitant morbi tristique senectus et netus et malesuada fames ac turpis egestas. Fusce aliquet magna a neque. Nullam ut nisi a odio semper cursus. Integer mollis. Integer tincidunt aliquam arcu. Aliquam ultrices iaculis odio. Nam interdum enim non nisi. Aenean eget metus. In nec orci. Donec nibh. Quisque nonummy ipsum non arcu. Vivamus sit amet risus. Donec egestas. Aliquam nec enim. Nunc ut erat. Sed nunc est, mollis non, cursus non,','2014-12-13 23:11:34',10,'Sales');
INSERT INTO Report (name, idReport,content,completionDate,idPerson,type) VALUES ('Lorem ipsum',51,'Lorem ipsum dolor sit amet, consectetuer adipiscing elit. Curabitur sed tortor. Integer aliquam adipiscing lacus. Ut nec urna et arcu imperdiet ullamcorper. Duis at lacus. Quisque purus sapien, gravida non, sollicitudin a, malesuada id, erat. Etiam vestibulum massa rutrum magna. Cras convallis convallis dolor. Quisque tincidunt pede ac urna. Ut tincidunt vehicula risus. Nulla eget metus eu erat semper rutrum. Fusce dolor quam, elementum at, egestas a, scelerisque sed, sapien. Nunc pulvinar arcu et pede. Nunc sed orci lobortis augue scelerisque mollis. Phasellus libero mauris, aliquam eu, accumsan sed, facilisis vitae, orci. Phasellus dapibus quam quis diam. Pellentesque habitant morbi tristique senectus et netus et malesuada fames ac turpis egestas. Fusce aliquet magna a neque. Nullam ut nisi a odio semper cursus. Integer mollis. Integer tincidunt aliquam arcu. Aliquam','2013-12-09 14:21:11',11,'Delivery');
INSERT INTO Report (name, idReport,content,completionDate,idPerson,type) VALUES ('Lorem ipsum',52,'Lorem ipsum dolor sit amet, consectetuer adipiscing elit. Curabitur sed tortor. Integer aliquam adipiscing lacus. Ut','2013-04-29 20:48:00',8,'Sales');
INSERT INTO Report (name, idReport,content,completionDate,idPerson,type) VALUES ('Lorem ipsum',53,'Lorem ipsum dolor sit amet, consectetuer adipiscing elit. Curabitur sed tortor. Integer aliquam adipiscing lacus. Ut nec urna et arcu imperdiet ullamcorper. Duis at lacus. Quisque purus sapien, gravida non, sollicitudin a, malesuada id, erat. Etiam vestibulum massa rutrum magna. Cras convallis convallis dolor. Quisque tincidunt pede ac urna. Ut tincidunt vehicula risus. Nulla eget metus eu erat semper rutrum. Fusce dolor quam, elementum at, egestas a, scelerisque sed, sapien. Nunc pulvinar','2015-02-25 00:13:51',4,'Delivery');
INSERT INTO Report (name, idReport,content,completionDate,idPerson,type) VALUES ('Lorem ipsum',54,'Lorem ipsum dolor sit amet, consectetuer adipiscing elit. Curabitur sed tortor. Integer aliquam adipiscing lacus. Ut nec urna et arcu imperdiet ullamcorper. Duis at lacus. Quisque purus sapien, gravida non, sollicitudin a, malesuada id, erat. Etiam vestibulum massa rutrum magna. Cras convallis convallis dolor. Quisque tincidunt pede ac urna. Ut tincidunt vehicula risus. Nulla eget metus eu erat semper rutrum. Fusce dolor quam, elementum at, egestas a, scelerisque sed,','2013-05-15 04:30:03',7,'Delivery');
INSERT INTO Report (name, idReport,content,completionDate,idPerson,type) VALUES ('Lorem ipsum',55,'Lorem ipsum dolor sit amet, consectetuer adipiscing elit. Curabitur sed tortor. Integer aliquam adipiscing lacus. Ut nec urna et arcu imperdiet ullamcorper. Duis at lacus. Quisque purus sapien, gravida non, sollicitudin a, malesuada id, erat. Etiam vestibulum massa rutrum magna. Cras convallis convallis dolor. Quisque tincidunt pede ac urna. Ut tincidunt vehicula risus. Nulla eget metus eu erat semper rutrum. Fusce dolor quam, elementum at, egestas a, scelerisque sed, sapien. Nunc pulvinar arcu et pede. Nunc sed orci lobortis augue scelerisque mollis. Phasellus libero mauris, aliquam eu, accumsan sed, facilisis vitae, orci. Phasellus dapibus quam quis diam. Pellentesque habitant morbi tristique senectus et netus et malesuada fames ac turpis egestas. Fusce aliquet magna a neque. Nullam ut nisi a odio semper cursus. Integer mollis. Integer tincidunt aliquam arcu. Aliquam ultrices iaculis odio. Nam interdum enim non nisi. Aenean eget metus. In nec orci. Donec nibh. Quisque nonummy','2014-08-16 07:40:26',10,'Sales');
INSERT INTO Report (name, idReport,content,completionDate,idPerson,type) VALUES ('Lorem ipsum',56,'Lorem ipsum dolor sit amet, consectetuer adipiscing elit. Curabitur sed tortor. Integer aliquam adipiscing lacus. Ut nec urna et arcu imperdiet ullamcorper. Duis at lacus. Quisque purus sapien, gravida non, sollicitudin a, malesuada id, erat. Etiam vestibulum massa rutrum magna. Cras convallis convallis dolor. Quisque tincidunt pede ac urna. Ut tincidunt vehicula risus. Nulla eget metus eu','2013-10-07 21:35:47',8,'Sales');
INSERT INTO Report (name, idReport,content,completionDate,idPerson,type) VALUES ('Lorem ipsum',57,'Lorem ipsum dolor sit amet, consectetuer adipiscing elit. Curabitur sed tortor. Integer aliquam adipiscing lacus. Ut nec urna et arcu imperdiet ullamcorper. Duis at lacus. Quisque purus sapien, gravida non, sollicitudin a, malesuada id, erat. Etiam vestibulum massa rutrum magna. Cras convallis convallis dolor. Quisque tincidunt pede ac urna. Ut tincidunt vehicula risus. Nulla eget metus eu erat semper rutrum. Fusce dolor quam, elementum at, egestas a, scelerisque sed, sapien. Nunc pulvinar arcu et pede. Nunc sed orci lobortis augue scelerisque mollis. Phasellus libero mauris, aliquam eu, accumsan sed, facilisis vitae, orci. Phasellus dapibus quam quis diam. Pellentesque habitant morbi','2013-12-18 13:07:19',8,'Delivery');
INSERT INTO Report (name, idReport,content,completionDate,idPerson,type) VALUES ('Lorem ipsum',58,'Lorem ipsum dolor sit amet, consectetuer adipiscing elit. Curabitur sed tortor. Integer aliquam adipiscing lacus. Ut nec urna et arcu imperdiet ullamcorper. Duis at lacus. Quisque purus sapien, gravida non, sollicitudin a, malesuada id, erat. Etiam vestibulum massa rutrum magna. Cras convallis convallis dolor. Quisque tincidunt pede ac urna. Ut tincidunt vehicula risus. Nulla eget metus eu erat semper rutrum. Fusce dolor quam, elementum at, egestas a, scelerisque sed, sapien. Nunc pulvinar arcu et pede. Nunc sed orci lobortis augue scelerisque mollis. Phasellus libero mauris, aliquam eu, accumsan sed, facilisis vitae, orci. Phasellus dapibus quam quis diam. Pellentesque habitant morbi tristique senectus et netus et malesuada fames ac turpis egestas. Fusce aliquet magna a neque. Nullam ut nisi a odio semper cursus. Integer mollis. Integer tincidunt aliquam arcu. Aliquam ultrices iaculis odio. Nam interdum enim non nisi. Aenean eget metus. In nec orci. Donec nibh. Quisque nonummy ipsum non arcu. Vivamus sit amet risus. Donec egestas. Aliquam nec enim. Nunc ut erat. Sed','2014-09-17 17:45:10',5,'Deposit');
INSERT INTO Report (name, idReport,content,completionDate,idPerson,type) VALUES ('Lorem ipsum',59,'Lorem ipsum dolor sit amet, consectetuer adipiscing elit. Curabitur sed tortor. Integer aliquam adipiscing lacus. Ut nec urna et arcu imperdiet ullamcorper. Duis at lacus. Quisque purus sapien, gravida non, sollicitudin a, malesuada id, erat. Etiam vestibulum massa rutrum magna. Cras convallis convallis dolor. Quisque tincidunt pede ac urna. Ut tincidunt vehicula risus. Nulla eget metus eu erat semper rutrum. Fusce dolor quam, elementum at, egestas a, scelerisque sed, sapien. Nunc pulvinar arcu','2014-10-09 21:11:58',9,'Sales');
INSERT INTO Report (name, idReport,content,completionDate,idPerson,type) VALUES ('Lorem ipsum',60,'Lorem ipsum dolor sit amet, consectetuer adipiscing elit. Curabitur sed tortor. Integer aliquam adipiscing lacus. Ut nec urna et arcu imperdiet ullamcorper. Duis at lacus.','2013-07-29 04:17:27',10,'Delivery');
INSERT INTO Report (name, idReport,content,completionDate,idPerson,type) VALUES ('Lorem ipsum',61,'Lorem ipsum dolor sit amet, consectetuer adipiscing elit. Curabitur sed tortor. Integer aliquam adipiscing lacus. Ut nec urna et arcu imperdiet ullamcorper. Duis at lacus. Quisque purus sapien, gravida non, sollicitudin a, malesuada id, erat. Etiam vestibulum massa rutrum magna. Cras convallis convallis dolor. Quisque tincidunt pede ac urna. Ut tincidunt vehicula risus. Nulla eget metus eu erat semper rutrum. Fusce dolor quam, elementum at, egestas a, scelerisque sed, sapien. Nunc pulvinar arcu et pede. Nunc sed orci lobortis augue scelerisque mollis. Phasellus libero mauris, aliquam eu, accumsan sed, facilisis vitae, orci. Phasellus dapibus quam quis diam. Pellentesque habitant morbi tristique senectus et netus et malesuada fames ac turpis egestas. Fusce aliquet magna a neque. Nullam ut nisi a odio semper cursus. Integer mollis. Integer tincidunt aliquam arcu. Aliquam ultrices iaculis odio. Nam interdum enim non nisi. Aenean eget metus. In nec orci. Donec nibh. Quisque nonummy ipsum non arcu. Vivamus sit amet risus. Donec egestas. Aliquam nec enim. Nunc ut erat. Sed nunc est, mollis non, cursus non, egestas a, dui. Cras pellentesque. Sed dictum. Proin eget odio. Aliquam vulputate ullamcorper magna. Sed eu eros. Nam consequat dolor vitae dolor. Donec fringilla. Donec feugiat metus sit amet ante. Vivamus','2013-11-22 20:34:53',11,'Deposit');
INSERT INTO Report (name, idReport,content,completionDate,idPerson,type) VALUES ('Lorem ipsum',62,'Lorem ipsum dolor sit amet, consectetuer adipiscing elit. Curabitur sed tortor. Integer aliquam adipiscing lacus. Ut nec urna et arcu imperdiet ullamcorper. Duis at lacus. Quisque purus sapien, gravida non, sollicitudin a, malesuada id, erat. Etiam vestibulum massa rutrum magna. Cras convallis convallis dolor. Quisque tincidunt pede ac urna. Ut tincidunt vehicula risus. Nulla eget metus eu erat semper rutrum. Fusce dolor quam, elementum at, egestas a, scelerisque sed, sapien. Nunc pulvinar arcu et pede. Nunc sed orci lobortis augue scelerisque mollis. Phasellus libero mauris, aliquam eu, accumsan sed, facilisis vitae, orci. Phasellus dapibus quam quis diam. Pellentesque habitant morbi tristique senectus et netus et malesuada fames ac turpis egestas. Fusce aliquet magna a neque. Nullam ut nisi a odio semper cursus. Integer mollis. Integer tincidunt aliquam arcu. Aliquam ultrices iaculis odio. Nam interdum enim non nisi. Aenean eget','2014-12-22 07:10:05',7,'Delivery');
INSERT INTO Report (name, idReport,content,completionDate,idPerson,type) VALUES ('Lorem ipsum',63,'Lorem ipsum dolor sit amet, consectetuer adipiscing elit. Curabitur sed tortor. Integer aliquam adipiscing lacus. Ut nec urna et arcu imperdiet ullamcorper. Duis at lacus. Quisque purus sapien, gravida non, sollicitudin a, malesuada id, erat. Etiam vestibulum massa rutrum magna. Cras convallis convallis dolor. Quisque tincidunt pede ac urna. Ut tincidunt vehicula risus. Nulla eget metus eu erat semper rutrum. Fusce dolor quam, elementum at, egestas a, scelerisque sed, sapien. Nunc pulvinar arcu et pede. Nunc sed orci lobortis augue scelerisque mollis. Phasellus libero mauris, aliquam eu, accumsan sed, facilisis vitae, orci. Phasellus dapibus quam quis diam. Pellentesque habitant morbi tristique senectus et netus et malesuada fames ac turpis egestas. Fusce aliquet magna a neque. Nullam ut nisi a odio semper cursus. Integer mollis. Integer tincidunt aliquam arcu. Aliquam ultrices iaculis odio. Nam interdum enim non nisi. Aenean eget metus. In nec orci. Donec nibh. Quisque nonummy ipsum non arcu. Vivamus sit amet risus. Donec egestas. Aliquam nec enim. Nunc ut erat. Sed nunc est, mollis non, cursus non, egestas a, dui. Cras pellentesque. Sed dictum. Proin eget odio. Aliquam vulputate ullamcorper magna. Sed eu eros. Nam consequat dolor vitae dolor.','2014-02-17 21:37:30',12,'Delivery');
INSERT INTO Report (name, idReport,content,completionDate,idPerson,type) VALUES ('Lorem ipsum',64,'Lorem ipsum dolor sit amet, consectetuer adipiscing elit. Curabitur sed tortor. Integer aliquam adipiscing lacus. Ut nec urna et arcu imperdiet ullamcorper. Duis at lacus. Quisque purus sapien, gravida non, sollicitudin a, malesuada id, erat. Etiam vestibulum massa rutrum magna. Cras convallis convallis dolor. Quisque tincidunt pede ac urna. Ut tincidunt vehicula risus. Nulla eget metus eu erat semper rutrum. Fusce dolor quam, elementum at, egestas a, scelerisque sed, sapien. Nunc pulvinar arcu et pede. Nunc sed orci lobortis augue scelerisque mollis. Phasellus libero mauris, aliquam eu, accumsan sed, facilisis vitae, orci. Phasellus dapibus quam quis diam. Pellentesque habitant morbi tristique senectus et netus et malesuada fames ac turpis egestas. Fusce aliquet magna a neque. Nullam ut nisi a odio semper cursus. Integer mollis. Integer tincidunt aliquam arcu. Aliquam ultrices iaculis odio. Nam interdum enim non nisi. Aenean eget metus. In nec orci. Donec nibh. Quisque nonummy ipsum non arcu. Vivamus sit amet risus. Donec','2015-01-10 06:46:11',9,'Deposit');
INSERT INTO Report (name, idReport,content,completionDate,idPerson,type) VALUES ('Lorem ipsum',65,'Lorem ipsum dolor sit amet, consectetuer adipiscing elit. Curabitur sed tortor. Integer aliquam adipiscing lacus. Ut nec urna et arcu imperdiet ullamcorper. Duis at lacus. Quisque purus sapien, gravida non, sollicitudin a, malesuada id, erat. Etiam vestibulum massa rutrum magna. Cras convallis convallis dolor. Quisque tincidunt pede ac urna.','2013-04-09 03:12:28',7,'Deposit');
INSERT INTO Report (name, idReport,content,completionDate,idPerson,type) VALUES ('Lorem ipsum',66,'Lorem ipsum dolor sit amet, consectetuer adipiscing elit. Curabitur sed tortor. Integer aliquam adipiscing lacus. Ut nec urna et arcu imperdiet ullamcorper. Duis at lacus. Quisque purus sapien, gravida non, sollicitudin a, malesuada id, erat. Etiam vestibulum massa rutrum magna. Cras convallis convallis dolor. Quisque tincidunt pede ac urna. Ut tincidunt vehicula risus. Nulla eget metus eu erat semper rutrum. Fusce dolor quam, elementum at, egestas a, scelerisque sed, sapien. Nunc pulvinar arcu et pede. Nunc sed','2014-12-21 06:20:59',11,'Sales');
INSERT INTO Report (name, idReport,content,completionDate,idPerson,type) VALUES ('Lorem ipsum',67,'Lorem ipsum dolor sit amet, consectetuer adipiscing elit. Curabitur sed tortor. Integer aliquam adipiscing lacus. Ut nec urna et arcu imperdiet ullamcorper. Duis at lacus. Quisque purus sapien, gravida non, sollicitudin a, malesuada id, erat. Etiam vestibulum massa rutrum magna. Cras convallis convallis dolor. Quisque tincidunt pede ac urna. Ut tincidunt vehicula risus. Nulla eget metus eu erat semper rutrum. Fusce dolor quam, elementum at, egestas a, scelerisque sed, sapien. Nunc pulvinar arcu','2014-06-30 12:34:52',8,'Delivery');
INSERT INTO Report (name, idReport,content,completionDate,idPerson,type) VALUES ('Lorem ipsum',68,'Lorem ipsum dolor sit amet, consectetuer adipiscing elit. Curabitur sed tortor. Integer aliquam adipiscing lacus. Ut nec urna et arcu imperdiet ullamcorper. Duis at lacus. Quisque purus sapien, gravida non, sollicitudin a, malesuada id, erat. Etiam vestibulum massa rutrum magna. Cras convallis convallis dolor. Quisque tincidunt pede ac urna. Ut tincidunt vehicula risus. Nulla eget metus eu erat semper rutrum. Fusce dolor quam, elementum at, egestas a, scelerisque sed, sapien. Nunc pulvinar arcu et pede. Nunc sed orci lobortis augue scelerisque mollis. Phasellus libero mauris, aliquam eu, accumsan sed, facilisis vitae, orci. Phasellus dapibus quam quis diam. Pellentesque habitant morbi tristique senectus et netus et malesuada fames ac turpis egestas. Fusce aliquet magna a neque. Nullam ut nisi a odio semper cursus. Integer mollis. Integer tincidunt aliquam arcu. Aliquam ultrices iaculis odio. Nam interdum enim','2015-03-06 21:32:47',10,'Sales');
INSERT INTO Report (name, idReport,content,completionDate,idPerson,type) VALUES ('Lorem ipsum',69,'Lorem ipsum dolor sit amet, consectetuer adipiscing elit. Curabitur sed tortor. Integer aliquam adipiscing lacus. Ut nec urna et arcu imperdiet ullamcorper. Duis at lacus. Quisque purus sapien, gravida non, sollicitudin a, malesuada id, erat. Etiam vestibulum massa rutrum magna. Cras convallis convallis dolor. Quisque tincidunt pede ac urna. Ut tincidunt vehicula risus. Nulla eget metus eu erat semper rutrum. Fusce dolor quam, elementum at, egestas a, scelerisque sed, sapien. Nunc pulvinar arcu et pede. Nunc sed orci lobortis augue scelerisque mollis. Phasellus libero mauris, aliquam eu, accumsan sed, facilisis vitae, orci. Phasellus dapibus quam quis diam.','2014-06-21 03:44:03',4,'Deposit');
INSERT INTO Report (name, idReport,content,completionDate,idPerson,type) VALUES ('Lorem ipsum',70,'Lorem ipsum dolor sit amet, consectetuer adipiscing elit. Curabitur sed tortor. Integer aliquam adipiscing lacus. Ut nec urna et arcu imperdiet ullamcorper. Duis at lacus. Quisque purus sapien, gravida','2013-10-12 19:08:30',9,'Sales');
INSERT INTO Report (name, idReport,content,completionDate,idPerson,type) VALUES ('Lorem ipsum',71,'Lorem ipsum dolor sit amet, consectetuer adipiscing elit. Curabitur sed tortor. Integer aliquam adipiscing lacus. Ut nec urna et arcu imperdiet ullamcorper. Duis at lacus. Quisque purus sapien, gravida non, sollicitudin a, malesuada id, erat. Etiam vestibulum massa rutrum magna. Cras convallis convallis dolor. Quisque tincidunt pede ac urna. Ut tincidunt vehicula risus. Nulla eget metus eu erat semper rutrum. Fusce dolor quam, elementum at, egestas a, scelerisque sed, sapien. Nunc pulvinar arcu et pede. Nunc sed orci lobortis augue scelerisque mollis. Phasellus libero mauris, aliquam eu, accumsan sed, facilisis vitae, orci. Phasellus dapibus quam quis diam. Pellentesque habitant morbi tristique senectus et netus et malesuada fames ac turpis egestas. Fusce aliquet magna a neque. Nullam ut nisi a odio semper cursus. Integer mollis. Integer tincidunt aliquam arcu. Aliquam ultrices iaculis odio. Nam interdum enim non nisi. Aenean eget metus. In nec orci. Donec nibh. Quisque nonummy ipsum non arcu. Vivamus sit amet risus. Donec egestas. Aliquam nec enim. Nunc ut','2013-02-14 19:48:56',8,'Deposit');
INSERT INTO Report (name, idReport,content,completionDate,idPerson,type) VALUES ('Lorem ipsum',72,'Lorem ipsum dolor sit amet, consectetuer adipiscing elit. Curabitur sed tortor. Integer aliquam adipiscing lacus. Ut nec urna et arcu imperdiet ullamcorper. Duis at lacus. Quisque purus sapien, gravida non, sollicitudin a, malesuada id, erat. Etiam vestibulum massa rutrum magna. Cras convallis convallis dolor. Quisque tincidunt pede ac urna. Ut tincidunt vehicula risus. Nulla eget metus eu erat semper rutrum. Fusce dolor quam, elementum at, egestas a, scelerisque sed, sapien. Nunc pulvinar arcu et pede. Nunc sed orci lobortis augue scelerisque mollis. Phasellus libero mauris, aliquam eu, accumsan sed, facilisis','2014-01-09 01:03:09',8,'Sales');
INSERT INTO Report (name, idReport,content,completionDate,idPerson,type) VALUES ('Lorem ipsum',73,'Lorem ipsum dolor sit amet, consectetuer adipiscing elit. Curabitur sed tortor. Integer aliquam adipiscing lacus. Ut nec urna et arcu imperdiet ullamcorper. Duis at lacus. Quisque purus sapien, gravida non, sollicitudin a, malesuada id, erat. Etiam vestibulum massa rutrum magna. Cras convallis convallis dolor. Quisque tincidunt pede ac urna. Ut tincidunt vehicula risus. Nulla eget metus eu erat semper rutrum. Fusce','2014-09-22 10:16:33',6,'Deposit');
INSERT INTO Report (name, idReport,content,completionDate,idPerson,type) VALUES ('Lorem ipsum',74,'Lorem ipsum dolor sit amet, consectetuer adipiscing elit. Curabitur sed tortor. Integer aliquam adipiscing lacus. Ut nec urna et arcu imperdiet ullamcorper. Duis at lacus. Quisque purus sapien, gravida non, sollicitudin a, malesuada id, erat. Etiam vestibulum massa rutrum magna. Cras convallis convallis dolor. Quisque tincidunt pede ac urna. Ut tincidunt vehicula risus. Nulla eget metus eu erat semper rutrum. Fusce dolor quam, elementum at, egestas a, scelerisque sed, sapien. Nunc pulvinar arcu et pede. Nunc sed orci lobortis augue scelerisque mollis. Phasellus libero mauris, aliquam eu, accumsan sed, facilisis vitae, orci. Phasellus dapibus quam quis diam. Pellentesque habitant morbi tristique senectus et netus','2013-09-03 08:37:06',4,'Delivery');
INSERT INTO Report (name, idReport,content,completionDate,idPerson,type) VALUES ('Lorem ipsum',75,'Lorem ipsum dolor sit amet, consectetuer adipiscing elit. Curabitur sed tortor. Integer aliquam adipiscing lacus. Ut nec urna et arcu imperdiet ullamcorper. Duis at lacus. Quisque purus sapien, gravida non, sollicitudin a, malesuada id, erat. Etiam vestibulum massa rutrum magna. Cras convallis convallis dolor. Quisque tincidunt pede ac urna. Ut tincidunt vehicula risus. Nulla eget metus eu erat semper rutrum. Fusce dolor quam, elementum at, egestas a, scelerisque sed, sapien. Nunc pulvinar arcu et pede. Nunc sed orci lobortis augue scelerisque mollis. Phasellus libero mauris, aliquam eu, accumsan sed, facilisis vitae, orci. Phasellus dapibus quam quis diam. Pellentesque habitant morbi tristique senectus et netus et malesuada fames ac turpis egestas. Fusce aliquet magna a neque. Nullam ut nisi a odio semper cursus. Integer mollis. Integer tincidunt aliquam arcu. Aliquam ultrices iaculis odio. Nam interdum enim non nisi. Aenean eget metus. In nec orci. Donec nibh. Quisque nonummy ipsum non arcu. Vivamus sit amet risus. Donec egestas. Aliquam nec enim. Nunc ut erat. Sed nunc est, mollis non,','2014-02-12 00:05:41',4,'Deposit');
INSERT INTO Report (name, idReport,content,completionDate,idPerson,type) VALUES ('Lorem ipsum',76,'Lorem ipsum dolor sit amet, consectetuer adipiscing elit. Curabitur sed tortor. Integer aliquam adipiscing lacus. Ut nec urna et arcu imperdiet ullamcorper. Duis at lacus. Quisque purus sapien, gravida non, sollicitudin a, malesuada id, erat. Etiam vestibulum massa rutrum magna. Cras convallis convallis dolor. Quisque tincidunt pede ac urna. Ut tincidunt vehicula risus. Nulla eget metus eu erat semper rutrum. Fusce dolor quam, elementum at, egestas a, scelerisque sed, sapien. Nunc pulvinar arcu','2014-04-18 06:46:34',4,'Sales');
INSERT INTO Report (name, idReport,content,completionDate,idPerson,type) VALUES ('Lorem ipsum',77,'Lorem ipsum dolor sit amet, consectetuer adipiscing elit. Curabitur sed tortor. Integer aliquam adipiscing lacus. Ut nec urna et arcu imperdiet ullamcorper. Duis at lacus. Quisque purus sapien, gravida non, sollicitudin a, malesuada id, erat. Etiam vestibulum massa rutrum magna. Cras convallis convallis dolor. Quisque tincidunt pede ac urna. Ut tincidunt vehicula risus. Nulla eget metus eu erat semper rutrum. Fusce dolor quam, elementum at, egestas a, scelerisque sed,','2015-01-01 01:41:00',11,'Sales');
INSERT INTO Report (name, idReport,content,completionDate,idPerson,type) VALUES ('Lorem ipsum',78,'Lorem ipsum dolor sit amet, consectetuer adipiscing elit. Curabitur sed tortor. Integer aliquam adipiscing lacus. Ut nec urna et arcu imperdiet ullamcorper. Duis at lacus. Quisque purus sapien, gravida non, sollicitudin a, malesuada id, erat. Etiam vestibulum massa rutrum magna. Cras convallis convallis dolor. Quisque tincidunt pede ac urna. Ut tincidunt vehicula risus. Nulla eget metus eu erat semper rutrum. Fusce dolor quam, elementum at, egestas a, scelerisque sed, sapien. Nunc pulvinar arcu et pede. Nunc sed orci lobortis augue scelerisque mollis. Phasellus libero mauris, aliquam eu, accumsan sed, facilisis vitae, orci. Phasellus dapibus quam quis diam. Pellentesque habitant morbi tristique senectus et netus et malesuada fames ac turpis egestas. Fusce aliquet magna a neque. Nullam ut nisi a odio semper','2014-11-25 03:17:00',3,'Sales');
INSERT INTO Report (name, idReport,content,completionDate,idPerson,type) VALUES ('Lorem ipsum',79,'Lorem ipsum dolor sit amet, consectetuer adipiscing elit. Curabitur sed tortor. Integer aliquam adipiscing lacus. Ut nec urna et arcu imperdiet ullamcorper. Duis at lacus. Quisque purus sapien, gravida non, sollicitudin a, malesuada id, erat. Etiam vestibulum massa rutrum magna. Cras convallis convallis dolor. Quisque tincidunt pede ac urna. Ut tincidunt vehicula risus. Nulla eget metus eu erat semper rutrum. Fusce dolor quam, elementum at, egestas a, scelerisque sed, sapien. Nunc pulvinar arcu et pede. Nunc sed orci lobortis augue scelerisque mollis. Phasellus libero mauris, aliquam eu, accumsan sed, facilisis vitae,','2013-10-04 19:50:35',7,'Deposit');
INSERT INTO Report (name, idReport,content,completionDate,idPerson,type) VALUES ('Lorem ipsum',80,'Lorem ipsum dolor sit amet, consectetuer adipiscing elit. Curabitur sed tortor. Integer aliquam adipiscing lacus. Ut nec urna et arcu imperdiet ullamcorper. Duis at lacus. Quisque purus sapien, gravida non, sollicitudin a, malesuada id, erat. Etiam vestibulum massa rutrum magna. Cras convallis convallis dolor. Quisque tincidunt pede ac urna. Ut tincidunt vehicula risus. Nulla eget metus eu erat semper rutrum. Fusce dolor quam, elementum at, egestas a, scelerisque sed, sapien. Nunc pulvinar arcu et pede. Nunc sed orci lobortis augue scelerisque mollis. Phasellus libero mauris, aliquam eu, accumsan sed, facilisis vitae, orci. Phasellus dapibus quam quis diam. Pellentesque habitant morbi tristique senectus et netus et malesuada fames ac turpis egestas. Fusce aliquet magna a neque. Nullam ut nisi a odio semper cursus. Integer mollis. Integer tincidunt aliquam arcu. Aliquam ultrices iaculis odio. Nam interdum enim non nisi. Aenean eget metus. In nec orci. Donec nibh. Quisque nonummy ipsum non arcu. Vivamus sit amet risus. Donec egestas. Aliquam nec enim. Nunc ut erat. Sed nunc est, mollis non, cursus non, egestas a, dui. Cras pellentesque. Sed dictum. Proin eget odio. Aliquam vulputate ullamcorper magna. Sed eu eros. Nam','2014-08-26 11:58:12',8,'Deposit');
INSERT INTO Report (name, idReport,content,completionDate,idPerson,type) VALUES ('Lorem ipsum',81,'Lorem ipsum dolor sit amet, consectetuer adipiscing elit. Curabitur sed tortor. Integer aliquam adipiscing lacus. Ut nec urna et arcu imperdiet ullamcorper. Duis at lacus. Quisque purus sapien, gravida non, sollicitudin a, malesuada id, erat. Etiam vestibulum massa rutrum magna. Cras convallis convallis dolor. Quisque tincidunt pede ac urna. Ut tincidunt vehicula risus. Nulla eget metus eu erat semper rutrum. Fusce dolor quam, elementum at, egestas a, scelerisque sed, sapien. Nunc pulvinar arcu et pede. Nunc sed orci lobortis augue scelerisque mollis. Phasellus libero mauris, aliquam eu, accumsan sed, facilisis vitae, orci. Phasellus dapibus quam quis diam. Pellentesque habitant morbi tristique senectus et netus et malesuada fames ac turpis egestas. Fusce aliquet magna a neque. Nullam ut nisi a odio semper cursus. Integer mollis. Integer tincidunt aliquam arcu. Aliquam ultrices iaculis odio. Nam interdum enim non','2014-01-31 05:31:25',4,'Deposit');
INSERT INTO Report (name, idReport,content,completionDate,idPerson,type) VALUES ('Lorem ipsum',82,'Lorem ipsum dolor sit amet, consectetuer adipiscing elit. Curabitur sed tortor. Integer aliquam adipiscing lacus. Ut nec urna et arcu imperdiet ullamcorper. Duis at lacus. Quisque purus sapien, gravida non, sollicitudin a, malesuada id, erat. Etiam vestibulum massa rutrum magna. Cras convallis convallis dolor. Quisque tincidunt pede ac urna. Ut tincidunt vehicula risus. Nulla eget metus eu erat semper rutrum. Fusce dolor quam, elementum at, egestas a, scelerisque sed, sapien. Nunc pulvinar arcu et pede. Nunc sed orci lobortis augue scelerisque mollis. Phasellus libero mauris, aliquam eu, accumsan sed, facilisis vitae, orci. Phasellus dapibus quam quis diam. Pellentesque habitant morbi tristique','2013-06-03 04:39:29',3,'Deposit');
INSERT INTO Report (name, idReport,content,completionDate,idPerson,type) VALUES ('Lorem ipsum',83,'Lorem ipsum dolor sit amet, consectetuer adipiscing elit. Curabitur sed tortor. Integer aliquam adipiscing lacus. Ut nec urna et arcu imperdiet ullamcorper. Duis at lacus. Quisque purus sapien, gravida non, sollicitudin a, malesuada id, erat. Etiam vestibulum massa rutrum magna. Cras convallis convallis dolor. Quisque tincidunt pede ac urna. Ut tincidunt vehicula risus. Nulla eget metus eu erat semper rutrum. Fusce dolor quam, elementum at, egestas a, scelerisque sed, sapien. Nunc pulvinar arcu et pede. Nunc sed orci lobortis augue scelerisque mollis. Phasellus libero mauris, aliquam eu, accumsan sed, facilisis vitae, orci. Phasellus dapibus quam quis diam. Pellentesque habitant morbi tristique senectus et netus et malesuada fames ac turpis egestas. Fusce aliquet magna a neque. Nullam ut nisi a odio semper cursus. Integer mollis. Integer tincidunt aliquam arcu. Aliquam ultrices iaculis odio. Nam interdum enim non nisi. Aenean eget metus. In nec orci. Donec nibh. Quisque','2014-09-10 05:39:25',12,'Deposit');
INSERT INTO Report (name, idReport,content,completionDate,idPerson,type) VALUES ('Lorem ipsum',84,'Lorem ipsum dolor sit amet, consectetuer adipiscing elit. Curabitur sed tortor. Integer aliquam adipiscing lacus. Ut nec urna et arcu imperdiet ullamcorper. Duis at lacus. Quisque purus sapien, gravida non, sollicitudin a, malesuada id, erat. Etiam vestibulum massa rutrum magna.','2013-09-11 22:20:23',3,'Sales');
INSERT INTO Report (name, idReport,content,completionDate,idPerson,type) VALUES ('Lorem ipsum',85,'Lorem ipsum dolor sit amet, consectetuer adipiscing elit. Curabitur sed tortor. Integer aliquam adipiscing lacus. Ut nec urna et arcu imperdiet ullamcorper. Duis at lacus. Quisque purus sapien, gravida non, sollicitudin a,','2014-05-24 10:34:56',10,'Delivery');
INSERT INTO Report (name, idReport,content,completionDate,idPerson,type) VALUES ('Lorem ipsum',86,'Lorem ipsum dolor sit amet, consectetuer adipiscing elit. Curabitur sed tortor. Integer aliquam adipiscing lacus.','2013-05-19 15:45:37',11,'Sales');
INSERT INTO Report (name, idReport,content,completionDate,idPerson,type) VALUES ('Lorem ipsum',87,'Lorem ipsum dolor sit amet, consectetuer adipiscing elit. Curabitur sed tortor. Integer aliquam adipiscing lacus. Ut nec urna et arcu imperdiet ullamcorper. Duis at lacus. Quisque purus sapien, gravida non, sollicitudin a, malesuada id, erat. Etiam vestibulum massa rutrum magna. Cras convallis convallis dolor. Quisque tincidunt pede ac urna. Ut tincidunt vehicula risus. Nulla eget metus eu erat semper rutrum. Fusce dolor quam, elementum at, egestas a, scelerisque sed, sapien. Nunc pulvinar arcu et pede. Nunc sed orci lobortis augue scelerisque mollis. Phasellus libero mauris, aliquam eu, accumsan sed, facilisis vitae, orci. Phasellus dapibus quam quis diam. Pellentesque habitant morbi tristique senectus et netus et malesuada fames ac turpis egestas. Fusce aliquet magna a neque. Nullam ut nisi a odio semper cursus. Integer mollis. Integer tincidunt aliquam arcu. Aliquam ultrices iaculis odio. Nam interdum enim non nisi. Aenean eget metus. In nec orci. Donec nibh. Quisque nonummy ipsum non','2014-06-05 00:02:33',9,'Delivery');
INSERT INTO Report (name, idReport,content,completionDate,idPerson,type) VALUES ('Lorem ipsum',88,'Lorem ipsum dolor sit amet, consectetuer adipiscing elit. Curabitur sed tortor. Integer aliquam adipiscing lacus. Ut nec urna et arcu imperdiet ullamcorper. Duis at lacus. Quisque purus sapien, gravida non, sollicitudin a, malesuada id, erat. Etiam vestibulum massa rutrum magna. Cras convallis convallis dolor. Quisque tincidunt pede ac urna. Ut tincidunt vehicula risus. Nulla eget metus eu erat semper rutrum. Fusce dolor quam, elementum at, egestas a, scelerisque sed, sapien. Nunc pulvinar arcu et pede. Nunc sed orci lobortis augue scelerisque mollis. Phasellus libero mauris, aliquam eu, accumsan sed, facilisis vitae, orci. Phasellus dapibus quam quis diam. Pellentesque habitant morbi tristique senectus et netus et malesuada fames ac turpis egestas. Fusce aliquet magna a neque. Nullam ut nisi a odio semper cursus. Integer mollis. Integer tincidunt aliquam arcu. Aliquam ultrices iaculis odio. Nam interdum enim non nisi. Aenean eget metus. In nec orci. Donec nibh. Quisque nonummy ipsum non arcu. Vivamus sit amet risus. Donec egestas. Aliquam nec enim. Nunc ut erat. Sed nunc est, mollis non, cursus non, egestas a, dui. Cras pellentesque. Sed dictum. Proin eget odio. Aliquam vulputate ullamcorper magna. Sed eu eros. Nam consequat dolor vitae dolor. Donec fringilla. Donec feugiat','2014-08-28 21:57:04',7,'Deposit');
INSERT INTO Report (name, idReport,content,completionDate,idPerson,type) VALUES ('Lorem ipsum',89,'Lorem ipsum dolor sit amet, consectetuer adipiscing elit. Curabitur sed tortor. Integer aliquam adipiscing lacus. Ut nec urna et arcu imperdiet ullamcorper. Duis at lacus. Quisque purus sapien, gravida non, sollicitudin a, malesuada id, erat. Etiam vestibulum massa rutrum magna. Cras convallis convallis dolor. Quisque tincidunt pede ac urna. Ut tincidunt vehicula risus. Nulla eget metus eu erat semper rutrum. Fusce dolor quam, elementum at, egestas a, scelerisque sed, sapien. Nunc pulvinar arcu et pede. Nunc sed orci lobortis augue scelerisque mollis. Phasellus libero mauris, aliquam eu, accumsan sed, facilisis vitae, orci. Phasellus dapibus quam quis diam. Pellentesque habitant morbi tristique senectus et netus et malesuada fames ac turpis egestas. Fusce aliquet magna a neque. Nullam ut nisi a odio semper cursus. Integer mollis. Integer tincidunt aliquam arcu. Aliquam ultrices iaculis odio. Nam interdum enim non nisi. Aenean eget metus. In nec orci. Donec nibh. Quisque nonummy ipsum non arcu. Vivamus sit amet risus. Donec egestas. Aliquam nec enim. Nunc ut erat. Sed nunc est,','2014-11-03 19:49:48',6,'Delivery');
INSERT INTO Report (name, idReport,content,completionDate,idPerson,type) VALUES ('Lorem ipsum',90,'Lorem ipsum dolor sit amet, consectetuer adipiscing elit. Curabitur sed tortor. Integer aliquam adipiscing lacus. Ut nec urna et arcu imperdiet ullamcorper. Duis at lacus. Quisque purus sapien, gravida non, sollicitudin a, malesuada id, erat. Etiam vestibulum massa rutrum magna. Cras convallis convallis dolor. Quisque tincidunt pede ac urna. Ut tincidunt vehicula risus. Nulla eget metus eu erat semper rutrum. Fusce dolor quam, elementum at, egestas a, scelerisque sed, sapien. Nunc pulvinar arcu et pede. Nunc sed orci lobortis augue scelerisque mollis. Phasellus libero mauris, aliquam eu, accumsan sed, facilisis vitae, orci. Phasellus dapibus quam quis diam. Pellentesque habitant morbi tristique senectus','2015-01-01 11:58:27',5,'Sales');
INSERT INTO Report (name, idReport,content,completionDate,idPerson,type) VALUES ('Lorem ipsum',91,'Lorem ipsum dolor sit amet, consectetuer adipiscing elit. Curabitur sed tortor. Integer aliquam adipiscing lacus. Ut nec urna et arcu imperdiet ullamcorper. Duis at lacus. Quisque purus sapien, gravida non, sollicitudin a, malesuada id, erat. Etiam vestibulum','2014-05-08 22:09:35',11,'Delivery');
INSERT INTO Report (name, idReport,content,completionDate,idPerson,type) VALUES ('Lorem ipsum',92,'Lorem ipsum dolor sit amet, consectetuer adipiscing elit. Curabitur sed tortor. Integer aliquam adipiscing lacus. Ut nec urna et arcu imperdiet ullamcorper. Duis at lacus. Quisque purus sapien, gravida non, sollicitudin a, malesuada id, erat. Etiam vestibulum massa rutrum magna. Cras convallis convallis dolor. Quisque tincidunt pede ac urna. Ut tincidunt vehicula risus. Nulla eget metus eu erat semper rutrum. Fusce dolor quam, elementum at, egestas a, scelerisque sed, sapien. Nunc pulvinar arcu et pede. Nunc sed orci lobortis augue scelerisque mollis. Phasellus libero mauris, aliquam eu, accumsan sed, facilisis vitae, orci. Phasellus dapibus quam quis diam. Pellentesque habitant morbi tristique senectus et netus et malesuada fames ac turpis egestas. Fusce aliquet magna a neque. Nullam ut nisi a odio semper cursus. Integer mollis. Integer tincidunt aliquam arcu. Aliquam ultrices iaculis odio. Nam interdum enim non nisi. Aenean eget metus. In nec orci. Donec nibh. Quisque nonummy ipsum non arcu. Vivamus sit amet risus. Donec egestas. Aliquam nec enim. Nunc ut erat. Sed','2014-11-14 10:21:40',9,'Deposit');
INSERT INTO Report (name, idReport,content,completionDate,idPerson,type) VALUES ('Lorem ipsum',93,'Lorem ipsum dolor sit amet, consectetuer adipiscing elit. Curabitur sed tortor. Integer aliquam adipiscing lacus. Ut nec urna et arcu imperdiet ullamcorper. Duis at lacus. Quisque purus sapien, gravida non, sollicitudin a, malesuada id, erat. Etiam vestibulum massa rutrum magna. Cras convallis convallis dolor. Quisque tincidunt pede ac urna. Ut tincidunt vehicula risus. Nulla eget metus eu erat semper rutrum. Fusce dolor quam, elementum at, egestas a, scelerisque sed, sapien. Nunc pulvinar arcu et pede. Nunc sed orci lobortis augue scelerisque mollis. Phasellus libero mauris, aliquam eu, accumsan sed, facilisis vitae, orci. Phasellus dapibus quam quis diam. Pellentesque habitant morbi tristique senectus et netus et malesuada fames ac turpis egestas. Fusce aliquet magna a neque. Nullam ut nisi a odio semper cursus. Integer mollis. Integer tincidunt aliquam arcu. Aliquam ultrices iaculis odio. Nam interdum enim non nisi.','2013-12-26 16:54:33',6,'Sales');
INSERT INTO Report (name, idReport,content,completionDate,idPerson,type) VALUES ('Lorem ipsum',94,'Lorem ipsum dolor sit amet, consectetuer adipiscing elit. Curabitur sed tortor. Integer aliquam adipiscing lacus. Ut nec urna et arcu imperdiet ullamcorper. Duis at lacus. Quisque purus sapien, gravida non, sollicitudin a, malesuada id, erat. Etiam vestibulum massa rutrum magna. Cras convallis convallis dolor. Quisque tincidunt pede ac urna. Ut tincidunt vehicula risus. Nulla eget metus eu erat semper rutrum. Fusce dolor quam, elementum at, egestas a, scelerisque sed, sapien. Nunc pulvinar arcu et pede. Nunc sed orci lobortis augue scelerisque mollis. Phasellus libero mauris, aliquam eu, accumsan sed, facilisis vitae, orci. Phasellus dapibus quam quis diam. Pellentesque habitant morbi tristique senectus et netus et malesuada fames ac turpis egestas. Fusce aliquet','2013-10-24 02:10:29',11,'Deposit');
INSERT INTO Report (name, idReport,content,completionDate,idPerson,type) VALUES ('Lorem ipsum',95,'Lorem ipsum dolor sit amet, consectetuer adipiscing elit. Curabitur sed tortor. Integer aliquam adipiscing lacus. Ut nec urna et arcu imperdiet ullamcorper. Duis at lacus. Quisque purus sapien, gravida non, sollicitudin a, malesuada id, erat. Etiam vestibulum massa rutrum magna. Cras convallis convallis dolor. Quisque tincidunt pede ac urna. Ut tincidunt vehicula risus. Nulla eget metus eu erat semper rutrum. Fusce dolor quam, elementum at, egestas a, scelerisque sed, sapien. Nunc pulvinar arcu et pede. Nunc sed orci lobortis augue scelerisque mollis. Phasellus libero mauris, aliquam eu, accumsan sed, facilisis vitae, orci. Phasellus dapibus quam quis diam. Pellentesque habitant morbi tristique senectus et netus et malesuada fames ac turpis egestas. Fusce aliquet magna a neque. Nullam ut nisi a odio semper cursus. Integer mollis. Integer tincidunt aliquam arcu. Aliquam ultrices iaculis odio. Nam interdum enim non nisi. Aenean eget metus. In nec orci. Donec nibh. Quisque nonummy ipsum non arcu. Vivamus sit amet risus. Donec egestas. Aliquam nec enim. Nunc ut erat. Sed nunc','2014-11-30 17:39:47',11,'Sales');
INSERT INTO Report (name, idReport,content,completionDate,idPerson,type) VALUES ('Lorem ipsum',96,'Lorem ipsum dolor sit amet, consectetuer adipiscing elit. Curabitur sed tortor. Integer aliquam adipiscing lacus. Ut nec urna et arcu imperdiet ullamcorper. Duis at lacus. Quisque purus sapien, gravida non, sollicitudin a, malesuada id, erat. Etiam vestibulum massa rutrum magna. Cras convallis convallis dolor. Quisque tincidunt pede ac urna. Ut tincidunt vehicula risus. Nulla eget metus eu erat semper rutrum. Fusce dolor quam, elementum at, egestas a, scelerisque sed, sapien. Nunc pulvinar arcu et pede. Nunc sed orci lobortis augue scelerisque mollis. Phasellus libero mauris, aliquam eu, accumsan sed, facilisis vitae, orci. Phasellus dapibus quam quis diam. Pellentesque habitant morbi tristique senectus et netus et malesuada fames ac turpis egestas. Fusce aliquet magna a neque. Nullam ut nisi a odio semper cursus. Integer mollis. Integer tincidunt aliquam arcu. Aliquam ultrices iaculis odio. Nam interdum enim non nisi. Aenean eget metus. In nec orci. Donec nibh. Quisque nonummy ipsum non arcu. Vivamus sit amet risus. Donec egestas. Aliquam nec enim. Nunc ut erat. Sed nunc est,','2015-01-05 08:08:48',7,'Sales');
INSERT INTO Report (name, idReport,content,completionDate,idPerson,type) VALUES ('Lorem ipsum',97,'Lorem ipsum dolor sit amet, consectetuer adipiscing elit. Curabitur sed tortor. Integer aliquam adipiscing lacus. Ut nec urna et arcu imperdiet','2013-07-18 13:10:34',7,'Delivery');
INSERT INTO Report (name, idReport,content,completionDate,idPerson,type) VALUES ('Lorem ipsum',98,'Lorem ipsum dolor sit amet, consectetuer adipiscing elit. Curabitur sed tortor. Integer aliquam adipiscing lacus. Ut nec urna et arcu imperdiet ullamcorper. Duis at lacus. Quisque purus sapien, gravida non, sollicitudin a, malesuada id, erat. Etiam vestibulum massa rutrum magna. Cras convallis convallis dolor. Quisque tincidunt pede ac urna. Ut tincidunt vehicula risus. Nulla eget metus eu erat semper rutrum. Fusce dolor quam, elementum at, egestas a, scelerisque sed, sapien. Nunc pulvinar arcu et pede. Nunc sed orci lobortis augue scelerisque mollis. Phasellus libero mauris, aliquam eu, accumsan sed, facilisis vitae, orci. Phasellus dapibus quam quis diam. Pellentesque habitant morbi tristique senectus et netus et malesuada fames ac turpis egestas. Fusce aliquet magna a neque. Nullam ut nisi a odio semper cursus. Integer mollis. Integer tincidunt aliquam arcu. Aliquam ultrices iaculis odio. Nam interdum enim non nisi. Aenean eget','2013-05-24 15:21:41',10,'Deposit');
INSERT INTO Report (name, idReport,content,completionDate,idPerson,type) VALUES ('Lorem ipsum',99,'Lorem ipsum dolor sit amet, consectetuer adipiscing elit. Curabitur sed tortor. Integer aliquam adipiscing lacus. Ut nec urna et arcu imperdiet ullamcorper. Duis at lacus. Quisque purus sapien, gravida non, sollicitudin a, malesuada id, erat. Etiam vestibulum massa rutrum magna. Cras convallis convallis dolor. Quisque tincidunt pede ac urna. Ut','2014-04-02 14:56:34',12,'Deposit');
INSERT INTO Report (name, idReport,content,completionDate,idPerson,type) VALUES ('Lorem ipsum',100,'Lorem ipsum dolor sit amet, consectetuer adipiscing elit. Curabitur sed tortor. Integer aliquam adipiscing lacus. Ut nec urna et arcu imperdiet ullamcorper. Duis at lacus. Quisque purus sapien, gravida','2014-06-09 21:38:28',12,'Delivery');

/*Deve falhar*/
INSERT INTO Report (name, idReport,content,completionDate,idPerson,type) VALUES ('Fail Report',100,'Lorem ipsum dolor sit amet, consectetuer adipiscing elit. Curabitur sed tortor. Integer aliquam adipiscing lacus. Ut nec urna et arcu imperdiet ullamcorper. Duis at lacus. Quisque purus sapien, gravida','2013-06-09 21:38:28',12,'Delivery');

INSERT INTO Building (idBuilding,zipCode,address,idPerson) VALUES (1,'3050-011,Aveiro','546-1778 Aliquet Rd.',12);
INSERT INTO Building (idBuilding,zipCode,address,idPerson) VALUES (2,'7600-122,Beja','Ap #939-8354 Nibh St.',2);
INSERT INTO Building (idBuilding,zipCode,address,idPerson) VALUES (3,'4620-525,Braga','P.O. Box 412, 9850 Pharetra. St.',3);
INSERT INTO Building (idBuilding,zipCode,address,idPerson) VALUES (4,'5140-202,Braganca','Ap #511-5300 Non Avenue',4);
INSERT INTO Building (idBuilding,zipCode,address,idPerson) VALUES (5,'3430-001,Viseu','7833 Diam Road',5);
INSERT INTO Building (idBuilding,zipCode,address,idPerson) VALUES (6,'3000-042,Coimbra','P.O. Box 670, 6021 Congue, Rd.',6);
INSERT INTO Building (idBuilding,zipCode,address,idPerson) VALUES (7,'7000-092,Evora','Ap #792-835 At, St.',7);
INSERT INTO Building (idBuilding,zipCode,address,idPerson) VALUES (8,'8000-146,Faro','P.O. Box 724, 2822 Laoreet St.',8);
INSERT INTO Building (idBuilding,zipCode,address,idPerson) VALUES (9,'1000-209,Lisboa','2630 Ante St.',9);
INSERT INTO Building (idBuilding,zipCode,address,idPerson) VALUES (10,'4000-224,Porto','Ap #626-4168 Nec Street',10);
INSERT INTO Building (idBuilding,zipCode,address,idPerson) VALUES (11,'4900-290,Viana do Castelo','Ap #103-2097 Ornare Rd.',11);

INSERT INTO Storage (idBuilding) VALUES (1);
INSERT INTO Storage (idBuilding) VALUES (2);

INSERT INTO PointOfSale (idBuilding) VALUES (3);
INSERT INTO PointOfSale (idBuilding) VALUES (4);
INSERT INTO PointOfSale (idBuilding) VALUES (5);
INSERT INTO PointOfSale (idBuilding) VALUES (6);
INSERT INTO PointOfSale (idBuilding) VALUES (7);
INSERT INTO PointOfSale (idBuilding) VALUES (8);
INSERT INTO PointOfSale (idBuilding) VALUES (9);
INSERT INTO PointOfSale (idBuilding) VALUES (10);
INSERT INTO PointOfSale (idBuilding) VALUES (11);

INSERT INTO Product (idProduct,category,expirationDate,description,photograph,name,price) VALUES (1,'category','2014-05-06 07:44:01','Lorem ipsum dolor sit amet, consectetuer','C:\Users\Joao\Desktop\name.jpg','in faucibus','67,453');
INSERT INTO Product (idProduct,category,expirationDate,description,photograph,name,price) VALUES (2,'category','2013-10-11 17:13:04','Lorem ipsum dolor sit amet, consectetuer adipiscing elit. Curabitur sed','C:\Users\Joao\Desktop\name.jpg','non, sollicitudin a, malesuada id,','146,391');
INSERT INTO Product (idProduct,category,expirationDate,description,photograph,name,price) VALUES (3,'category','2013-08-03 22:52:32','Lorem ipsum dolor','C:\Users\Joao\Desktop\name.jpg','dictum augue','170,876');
INSERT INTO Product (idProduct,category,expirationDate,description,photograph,name,price) VALUES (4,'category','2013-12-27 15:08:49','Lorem ipsum dolor sit amet, consectetuer adipiscing elit. Curabitur sed','C:\Users\Joao\Desktop\name.jpg','libero. Morbi accumsan','10,881');
INSERT INTO Product (idProduct,category,expirationDate,description,photograph,name,price) VALUES (5,'category','2013-05-06 10:45:45','Lorem ipsum dolor sit amet, consectetuer adipiscing','C:\Users\Joao\Desktop\name.jpg','Curabitur vel','192,959');
INSERT INTO Product (idProduct,category,expirationDate,description,photograph,name,price) VALUES (6,'category','2014-03-21 12:48:56','Lorem ipsum dolor','C:\Users\Joao\Desktop\name.jpg','euismod','48,671');
INSERT INTO Product (idProduct,category,expirationDate,description,photograph,name,price) VALUES (7,'category','2015-09-27 12:16:31','Lorem ipsum dolor sit amet, consectetuer adipiscing elit. Curabitur sed','C:\Users\Joao\Desktop\name.jpg','risus odio, auctor vitae,','28,731');
INSERT INTO Product (idProduct,category,expirationDate,description,photograph,name,price) VALUES (8,'category','2014-11-30 15:26:47','Lorem ipsum','C:\Users\Joao\Desktop\name.jpg','Vivamus euismod urna. Nullam','105,421');
INSERT INTO Product (idProduct,category,expirationDate,description,photograph,name,price) VALUES (9,'category','2013-05-30 02:26:03','Lorem ipsum dolor sit amet, consectetuer adipiscing','C:\Users\Joao\Desktop\name.jpg','luctus, ipsum leo elementum sem,','156,388');
INSERT INTO Product (idProduct,category,expirationDate,description,photograph,name,price) VALUES (10,'category','2015-01-26 05:01:44','Lorem','C:\Users\Joao\Desktop\name.jpg','Morbi neque tellus, imperdiet non,','34,801');
INSERT INTO Product (idProduct,category,expirationDate,description,photograph,name,price) VALUES (11,'category','2013-08-03 00:26:27','Lorem ipsum dolor','C:\Users\Joao\Desktop\name.jpg','elit fermentum risus,','73,993');
INSERT INTO Product (idProduct,category,expirationDate,description,photograph,name,price) VALUES (12,'category','2014-06-06 19:00:47','Lorem ipsum dolor sit amet, consectetuer adipiscing elit.','C:\Users\Joao\Desktop\name.jpg','bibendum','161,283');
INSERT INTO Product (idProduct,category,expirationDate,description,photograph,name,price) VALUES (13,'category','2014-11-15 09:52:56','Lorem ipsum dolor sit amet, consectetuer adipiscing elit. Curabitur','C:\Users\Joao\Desktop\name.jpg','at,','24,577');
INSERT INTO Product (idProduct,category,expirationDate,description,photograph,name,price) VALUES (14,'category','2013-10-29 13:59:41','Lorem ipsum dolor sit amet, consectetuer adipiscing elit. Curabitur sed','C:\Users\Joao\Desktop\name.jpg','augue scelerisque mollis.','32,547');
INSERT INTO Product (idProduct,category,expirationDate,description,photograph,name,price) VALUES (15,'category','2013-08-05 11:45:44','Lorem ipsum dolor sit amet, consectetuer adipiscing','C:\Users\Joao\Desktop\name.jpg','molestie orci tincidunt adipiscing. Mauris','149,819');
INSERT INTO Product (idProduct,category,expirationDate,description,photograph,name,price) VALUES (16,'category','2015-10-24 07:33:57','Lorem','C:\Users\Joao\Desktop\name.jpg','non,','110,827');
INSERT INTO Product (idProduct,category,expirationDate,description,photograph,name,price) VALUES (17,'category','2014-01-21 02:05:54','Lorem ipsum','C:\Users\Joao\Desktop\name.jpg','nisi.','179,835');
INSERT INTO Product (idProduct,category,expirationDate,description,photograph,name,price) VALUES (18,'category','2015-05-26 08:30:46','Lorem ipsum dolor','C:\Users\Joao\Desktop\name.jpg','tellus.','122,271');
INSERT INTO Product (idProduct,category,expirationDate,description,photograph,name,price) VALUES (19,'category','2014-08-12 15:48:44','Lorem ipsum dolor sit','C:\Users\Joao\Desktop\name.jpg','risus.','53,245');
INSERT INTO Product (idProduct,category,expirationDate,description,photograph,name,price) VALUES (20,'category','2014-12-27 15:29:23','Lorem ipsum dolor sit amet, consectetuer adipiscing elit.','C:\Users\Joao\Desktop\name.jpg','odio a purus.','98,673');
INSERT INTO Product (idProduct,category,expirationDate,description,photograph,name,price) VALUES (21,'category','2014-10-01 21:00:41','Lorem','C:\Users\Joao\Desktop\name.jpg','enim.','37,099');
INSERT INTO Product (idProduct,category,expirationDate,description,photograph,name,price) VALUES (22,'category','2014-01-14 05:11:55','Lorem ipsum dolor sit amet, consectetuer adipiscing','C:\Users\Joao\Desktop\name.jpg','mollis non, cursus','3,826');
INSERT INTO Product (idProduct,category,expirationDate,description,photograph,name,price) VALUES (23,'category','2013-05-30 02:21:04','Lorem ipsum','C:\Users\Joao\Desktop\name.jpg','neque. Nullam nisl. Maecenas','7,086');
INSERT INTO Product (idProduct,category,expirationDate,description,photograph,name,price) VALUES (24,'category','2015-01-16 19:38:08','Lorem ipsum dolor sit amet, consectetuer','C:\Users\Joao\Desktop\name.jpg','Vestibulum ante ipsum primis','72,675');
INSERT INTO Product (idProduct,category,expirationDate,description,photograph,name,price) VALUES (25,'category','2014-02-28 08:46:05','Lorem ipsum dolor sit amet, consectetuer adipiscing elit. Curabitur sed','C:\Users\Joao\Desktop\name.jpg','turpis egestas. Aliquam','13,359');
INSERT INTO Product (idProduct,category,expirationDate,description,photograph,name,price) VALUES (26,'category','2015-06-26 15:32:48','Lorem','C:\Users\Joao\Desktop\name.jpg','nec, cursus','2,775');
INSERT INTO Product (idProduct,category,expirationDate,description,photograph,name,price) VALUES (27,'category','2014-09-24 20:31:02','Lorem ipsum dolor','C:\Users\Joao\Desktop\name.jpg','faucibus orci luctus','198,162');
INSERT INTO Product (idProduct,category,expirationDate,description,photograph,name,price) VALUES (28,'category','2013-07-05 17:35:17','Lorem','C:\Users\Joao\Desktop\name.jpg','vel turpis.','71,890');
INSERT INTO Product (idProduct,category,expirationDate,description,photograph,name,price) VALUES (29,'category','2014-10-26 16:41:18','Lorem ipsum dolor sit','C:\Users\Joao\Desktop\name.jpg','Suspendisse aliquet','14,130');
INSERT INTO Product (idProduct,category,expirationDate,description,photograph,name,price) VALUES (30,'category','2014-08-04 08:41:32','Lorem ipsum dolor sit amet, consectetuer adipiscing elit. Curabitur sed','C:\Users\Joao\Desktop\name.jpg','tristique senectus et netus et','125,120');
INSERT INTO Product (idProduct,category,expirationDate,description,photograph,name,price) VALUES (31,'category','2015-01-25 18:51:19','Lorem ipsum dolor sit amet, consectetuer adipiscing elit. Curabitur','C:\Users\Joao\Desktop\name.jpg','fringilla mi','151,140');
INSERT INTO Product (idProduct,category,expirationDate,description,photograph,name,price) VALUES (32,'category','2015-03-20 13:15:04','Lorem ipsum dolor sit amet, consectetuer','C:\Users\Joao\Desktop\name.jpg','Mauris vel turpis.','90,559');
INSERT INTO Product (idProduct,category,expirationDate,description,photograph,name,price) VALUES (33,'category','2015-07-14 18:23:05','Lorem ipsum dolor sit amet, consectetuer','C:\Users\Joao\Desktop\name.jpg','sapien molestie','12,869');
INSERT INTO Product (idProduct,category,expirationDate,description,photograph,name,price) VALUES (34,'category','2014-11-19 23:47:23','Lorem ipsum dolor sit','C:\Users\Joao\Desktop\name.jpg','dis','156,589');
INSERT INTO Product (idProduct,category,expirationDate,description,photograph,name,price) VALUES (35,'category','2015-02-03 06:36:52','Lorem ipsum dolor sit amet, consectetuer adipiscing elit.','C:\Users\Joao\Desktop\name.jpg','purus sapien, gravida non,','134,241');
INSERT INTO Product (idProduct,category,expirationDate,description,photograph,name,price) VALUES (36,'category','2014-08-20 05:28:35','Lorem ipsum dolor sit amet,','C:\Users\Joao\Desktop\name.jpg','libero','164,372');
INSERT INTO Product (idProduct,category,expirationDate,description,photograph,name,price) VALUES (37,'category','2014-06-03 08:11:32','Lorem ipsum dolor sit amet, consectetuer adipiscing elit. Curabitur','C:\Users\Joao\Desktop\name.jpg','Fusce diam nunc, ullamcorper eu,','26,770');
INSERT INTO Product (idProduct,category,expirationDate,description,photograph,name,price) VALUES (38,'category','2014-08-05 11:47:54','Lorem ipsum dolor sit amet, consectetuer adipiscing','C:\Users\Joao\Desktop\name.jpg','congue. In scelerisque scelerisque dui.','54,540');
INSERT INTO Product (idProduct,category,expirationDate,description,photograph,name,price) VALUES (39,'category','2014-10-30 23:22:12','Lorem ipsum dolor sit amet, consectetuer adipiscing elit.','C:\Users\Joao\Desktop\name.jpg','fermentum vel,','80,613');
INSERT INTO Product (idProduct,category,expirationDate,description,photograph,name,price) VALUES (40,'category','2014-09-06 18:05:03','Lorem ipsum dolor sit amet, consectetuer','C:\Users\Joao\Desktop\name.jpg','ipsum.','62,688');
INSERT INTO Product (idProduct,category,expirationDate,description,photograph,name,price) VALUES (41,'category','2015-08-29 16:15:06','Lorem ipsum dolor sit amet, consectetuer adipiscing elit. Curabitur sed','C:\Users\Joao\Desktop\name.jpg','vulputate,','157,457');
INSERT INTO Product (idProduct,category,expirationDate,description,photograph,name,price) VALUES (42,'category','2014-10-14 18:42:15','Lorem ipsum dolor','C:\Users\Joao\Desktop\name.jpg','sollicitudin adipiscing ligula.','95,662');
INSERT INTO Product (idProduct,category,expirationDate,description,photograph,name,price) VALUES (43,'category','2015-08-01 02:34:51','Lorem ipsum dolor','C:\Users\Joao\Desktop\name.jpg','ut, sem. Nulla interdum.','106,072');
INSERT INTO Product (idProduct,category,expirationDate,description,photograph,name,price) VALUES (44,'category','2013-12-02 20:11:25','Lorem ipsum dolor sit amet, consectetuer adipiscing elit. Curabitur sed','C:\Users\Joao\Desktop\name.jpg','leo. Vivamus nibh dolor, nonummy','122,556');
INSERT INTO Product (idProduct,category,expirationDate,description,photograph,name,price) VALUES (45,'category','2013-06-18 13:21:10','Lorem ipsum dolor sit amet, consectetuer adipiscing elit.','C:\Users\Joao\Desktop\name.jpg','varius ultrices,','90,698');
INSERT INTO Product (idProduct,category,expirationDate,description,photograph,name,price) VALUES (46,'category','2015-04-20 23:13:13','Lorem ipsum','C:\Users\Joao\Desktop\name.jpg','mauris','181,427');
INSERT INTO Product (idProduct,category,expirationDate,description,photograph,name,price) VALUES (47,'category','2014-01-04 13:18:13','Lorem ipsum dolor sit amet,','C:\Users\Joao\Desktop\name.jpg','placerat,','49,658');
INSERT INTO Product (idProduct,category,expirationDate,description,photograph,name,price) VALUES (48,'category','2014-10-24 06:43:20','Lorem','C:\Users\Joao\Desktop\name.jpg','Nunc mauris. Morbi non','94,251');
INSERT INTO Product (idProduct,category,expirationDate,description,photograph,name,price) VALUES (49,'category','2013-06-06 15:04:31','Lorem','C:\Users\Joao\Desktop\name.jpg','ac risus. Morbi','105,749');
INSERT INTO Product (idProduct,category,expirationDate,description,photograph,name,price) VALUES (50,'category','2015-03-30 06:31:18','Lorem ipsum dolor sit amet,','C:\Users\Joao\Desktop\name.jpg','tincidunt congue turpis. In condimentum.','10,163');
INSERT INTO Product (idProduct,category,expirationDate,description,photograph,name,price) VALUES (51,'category','2015-10-20 00:38:01','Lorem ipsum dolor sit','C:\Users\Joao\Desktop\name.jpg','nec urna','150,991');
INSERT INTO Product (idProduct,category,expirationDate,description,photograph,name,price) VALUES (52,'category','2013-05-18 15:27:45','Lorem','C:\Users\Joao\Desktop\name.jpg','montes, nascetur ridiculus mus.','164,024');
INSERT INTO Product (idProduct,category,expirationDate,description,photograph,name,price) VALUES (53,'category','2015-08-21 02:52:57','Lorem ipsum dolor sit amet,','C:\Users\Joao\Desktop\name.jpg','Sed diam','83,107');
INSERT INTO Product (idProduct,category,expirationDate,description,photograph,name,price) VALUES (54,'category','2015-04-16 12:18:14','Lorem ipsum dolor sit amet,','C:\Users\Joao\Desktop\name.jpg','velit eget laoreet','163,869');
INSERT INTO Product (idProduct,category,expirationDate,description,photograph,name,price) VALUES (55,'category','2014-11-26 15:18:08','Lorem ipsum dolor sit amet, consectetuer adipiscing elit.','C:\Users\Joao\Desktop\name.jpg','elementum at, egestas a,','112,860');
INSERT INTO Product (idProduct,category,expirationDate,description,photograph,name,price) VALUES (56,'category','2014-04-25 19:43:25','Lorem ipsum dolor sit amet, consectetuer','C:\Users\Joao\Desktop\name.jpg','arcu. Morbi sit amet massa.','97,869');
INSERT INTO Product (idProduct,category,expirationDate,description,photograph,name,price) VALUES (57,'category','2015-10-28 10:27:54','Lorem ipsum dolor sit','C:\Users\Joao\Desktop\name.jpg','non','113,727');
INSERT INTO Product (idProduct,category,expirationDate,description,photograph,name,price) VALUES (58,'category','2014-01-24 19:31:18','Lorem ipsum dolor sit amet, consectetuer adipiscing elit. Curabitur','C:\Users\Joao\Desktop\name.jpg','ante ipsum','146,284');
INSERT INTO Product (idProduct,category,expirationDate,description,photograph,name,price) VALUES (59,'category','2014-01-14 17:40:09','Lorem ipsum dolor','C:\Users\Joao\Desktop\name.jpg','tincidunt orci quis','12,998');
INSERT INTO Product (idProduct,category,expirationDate,description,photograph,name,price) VALUES (60,'category','2014-02-06 23:02:03','Lorem ipsum dolor sit amet, consectetuer adipiscing elit. Curabitur sed','C:\Users\Joao\Desktop\name.jpg','a, aliquet vel, vulputate','90,162');
INSERT INTO Product (idProduct,category,expirationDate,description,photograph,name,price) VALUES (61,'category','2014-03-10 03:10:59','Lorem ipsum dolor sit amet, consectetuer adipiscing elit. Curabitur','C:\Users\Joao\Desktop\name.jpg','sit amet lorem','34,757');
INSERT INTO Product (idProduct,category,expirationDate,description,photograph,name,price) VALUES (62,'category','2014-06-25 11:15:19','Lorem ipsum dolor sit amet,','C:\Users\Joao\Desktop\name.jpg','nec tempus','8,201');
INSERT INTO Product (idProduct,category,expirationDate,description,photograph,name,price) VALUES (63,'category','2015-01-11 16:49:36','Lorem ipsum dolor sit amet, consectetuer adipiscing elit. Curabitur','C:\Users\Joao\Desktop\name.jpg','venenatis a, magna.','129,673');
INSERT INTO Product (idProduct,category,expirationDate,description,photograph,name,price) VALUES (64,'category','2013-11-30 14:43:44','Lorem ipsum dolor sit','C:\Users\Joao\Desktop\name.jpg','Praesent luctus.','57,278');
INSERT INTO Product (idProduct,category,expirationDate,description,photograph,name,price) VALUES (65,'category','2014-04-08 02:16:30','Lorem','C:\Users\Joao\Desktop\name.jpg','Suspendisse sagittis. Nullam vitae','65,447');
INSERT INTO Product (idProduct,category,expirationDate,description,photograph,name,price) VALUES (66,'category','2014-11-15 11:33:57','Lorem ipsum dolor sit amet,','C:\Users\Joao\Desktop\name.jpg','magna et','118,034');
INSERT INTO Product (idProduct,category,expirationDate,description,photograph,name,price) VALUES (67,'category','2015-09-09 18:21:19','Lorem ipsum dolor sit amet, consectetuer adipiscing elit.','C:\Users\Joao\Desktop\name.jpg','sem magna','173,559');
INSERT INTO Product (idProduct,category,expirationDate,description,photograph,name,price) VALUES (68,'category','2015-02-26 02:08:20','Lorem ipsum dolor sit','C:\Users\Joao\Desktop\name.jpg','Aliquam ultrices iaculis odio. Nam','116,632');
INSERT INTO Product (idProduct,category,expirationDate,description,photograph,name,price) VALUES (69,'category','2015-03-21 03:04:39','Lorem ipsum dolor sit','C:\Users\Joao\Desktop\name.jpg','Praesent eu','177,099');
INSERT INTO Product (idProduct,category,expirationDate,description,photograph,name,price) VALUES (70,'category','2014-04-09 08:21:09','Lorem ipsum dolor sit amet, consectetuer adipiscing elit.','C:\Users\Joao\Desktop\name.jpg','auctor','46,016');
INSERT INTO Product (idProduct,category,expirationDate,description,photograph,name,price) VALUES (71,'category','2015-02-14 02:52:16','Lorem ipsum dolor sit amet, consectetuer adipiscing elit. Curabitur','C:\Users\Joao\Desktop\name.jpg','enim. Nunc ut erat.','10,862');
INSERT INTO Product (idProduct,category,expirationDate,description,photograph,name,price) VALUES (72,'category','2015-08-11 14:38:27','Lorem ipsum','C:\Users\Joao\Desktop\name.jpg','consectetuer adipiscing elit. Curabitur','59,034');
INSERT INTO Product (idProduct,category,expirationDate,description,photograph,name,price) VALUES (73,'category','2015-08-12 16:45:31','Lorem ipsum dolor sit amet,','C:\Users\Joao\Desktop\name.jpg','fringilla mi','23,187');
INSERT INTO Product (idProduct,category,expirationDate,description,photograph,name,price) VALUES (74,'category','2015-08-07 08:29:47','Lorem ipsum dolor sit','C:\Users\Joao\Desktop\name.jpg','ornare.','13,007');
INSERT INTO Product (idProduct,category,expirationDate,description,photograph,name,price) VALUES (75,'category','2013-08-11 04:47:28','Lorem ipsum dolor sit amet, consectetuer','C:\Users\Joao\Desktop\name.jpg','Nunc sollicitudin','145,834');
INSERT INTO Product (idProduct,category,expirationDate,description,photograph,name,price) VALUES (76,'category','2015-07-20 16:08:28','Lorem ipsum dolor sit amet, consectetuer','C:\Users\Joao\Desktop\name.jpg','Duis sit amet diam eu','107,991');
INSERT INTO Product (idProduct,category,expirationDate,description,photograph,name,price) VALUES (77,'category','2015-06-22 00:20:13','Lorem ipsum dolor sit amet,','C:\Users\Joao\Desktop\name.jpg','Nulla facilisis.','131,160');
INSERT INTO Product (idProduct,category,expirationDate,description,photograph,name,price) VALUES (78,'category','2015-05-15 07:48:20','Lorem ipsum dolor sit amet, consectetuer','C:\Users\Joao\Desktop\name.jpg','lorem fringilla ornare placerat,','106,632');
INSERT INTO Product (idProduct,category,expirationDate,description,photograph,name,price) VALUES (79,'category','2015-08-28 20:07:07','Lorem ipsum dolor sit amet, consectetuer adipiscing elit.','C:\Users\Joao\Desktop\name.jpg','torquent per','183,715');
INSERT INTO Product (idProduct,category,expirationDate,description,photograph,name,price) VALUES (80,'category','2013-06-27 00:41:46','Lorem ipsum dolor sit amet,','C:\Users\Joao\Desktop\name.jpg','purus. Maecenas libero','91,513');
INSERT INTO Product (idProduct,category,expirationDate,description,photograph,name,price) VALUES (81,'category','2014-04-10 17:26:39','Lorem ipsum dolor','C:\Users\Joao\Desktop\name.jpg','at lacus. Quisque purus sapien,','154,193');
INSERT INTO Product (idProduct,category,expirationDate,description,photograph,name,price) VALUES (82,'category','2015-01-18 22:02:40','Lorem ipsum dolor sit amet, consectetuer adipiscing elit. Curabitur sed','C:\Users\Joao\Desktop\name.jpg','ac turpis egestas. Aliquam fringilla','24,338');
INSERT INTO Product (idProduct,category,expirationDate,description,photograph,name,price) VALUES (83,'category','2014-11-11 20:46:47','Lorem ipsum dolor sit amet, consectetuer','C:\Users\Joao\Desktop\name.jpg','Cras pellentesque. Sed dictum. Proin','132,501');
INSERT INTO Product (idProduct,category,expirationDate,description,photograph,name,price) VALUES (84,'category','2013-11-19 13:01:12','Lorem ipsum dolor sit','C:\Users\Joao\Desktop\name.jpg','vehicula risus. Nulla eget metus','170,999');
INSERT INTO Product (idProduct,category,expirationDate,description,photograph,name,price) VALUES (85,'category','2015-08-20 02:16:34','Lorem ipsum dolor sit amet,','C:\Users\Joao\Desktop\name.jpg','dui. Fusce aliquam, enim','127,051');
INSERT INTO Product (idProduct,category,expirationDate,description,photograph,name,price) VALUES (86,'category','2015-05-11 20:21:11','Lorem ipsum dolor sit amet, consectetuer adipiscing','C:\Users\Joao\Desktop\name.jpg','sem. Pellentesque ut','51,997');
INSERT INTO Product (idProduct,category,expirationDate,description,photograph,name,price) VALUES (87,'category','2014-11-06 22:14:29','Lorem ipsum dolor sit amet,','C:\Users\Joao\Desktop\name.jpg','in','133,873');
INSERT INTO Product (idProduct,category,expirationDate,description,photograph,name,price) VALUES (88,'category','2014-09-10 13:19:21','Lorem ipsum dolor sit amet, consectetuer adipiscing elit.','C:\Users\Joao\Desktop\name.jpg','natoque penatibus et','27,708');
INSERT INTO Product (idProduct,category,expirationDate,description,photograph,name,price) VALUES (89,'category','2015-08-07 12:31:53','Lorem ipsum dolor sit amet,','C:\Users\Joao\Desktop\name.jpg','parturient montes,','168,368');
INSERT INTO Product (idProduct,category,expirationDate,description,photograph,name,price) VALUES (90,'category','2014-01-04 13:48:11','Lorem ipsum dolor sit amet, consectetuer','C:\Users\Joao\Desktop\name.jpg','fermentum convallis ligula. Donec luctus','60,832');
INSERT INTO Product (idProduct,category,expirationDate,description,photograph,name,price) VALUES (91,'category','2013-11-03 16:20:05','Lorem ipsum dolor sit amet, consectetuer adipiscing elit.','C:\Users\Joao\Desktop\name.jpg','mauris a nunc. In at','162,852');
INSERT INTO Product (idProduct,category,expirationDate,description,photograph,name,price) VALUES (92,'category','2014-07-10 08:29:29','Lorem ipsum dolor sit amet, consectetuer adipiscing elit. Curabitur','C:\Users\Joao\Desktop\name.jpg','Cras eu tellus','72,973');
INSERT INTO Product (idProduct,category,expirationDate,description,photograph,name,price) VALUES (93,'category','2014-03-25 00:39:34','Lorem ipsum dolor sit amet, consectetuer','C:\Users\Joao\Desktop\name.jpg','sed pede nec ante','5,712');
INSERT INTO Product (idProduct,category,expirationDate,description,photograph,name,price) VALUES (94,'category','2015-07-05 12:23:51','Lorem ipsum dolor sit amet, consectetuer adipiscing','C:\Users\Joao\Desktop\name.jpg','dui. Cras pellentesque. Sed','99,495');
INSERT INTO Product (idProduct,category,expirationDate,description,photograph,name,price) VALUES (95,'category','2015-02-07 04:40:34','Lorem ipsum dolor sit amet, consectetuer','C:\Users\Joao\Desktop\name.jpg','Donec non','82,150');
INSERT INTO Product (idProduct,category,expirationDate,description,photograph,name,price) VALUES (96,'category','2015-01-18 08:35:28','Lorem ipsum dolor sit amet, consectetuer adipiscing elit. Curabitur sed','C:\Users\Joao\Desktop\name.jpg','semper. Nam','49,159');
INSERT INTO Product (idProduct,category,expirationDate,description,photograph,name,price) VALUES (97,'category','2014-01-29 09:09:42','Lorem ipsum dolor sit amet, consectetuer adipiscing','C:\Users\Joao\Desktop\name.jpg','dapibus ligula. Aliquam','50,836');
INSERT INTO Product (idProduct,category,expirationDate,description,photograph,name,price) VALUES (98,'category','2014-10-03 23:39:48','Lorem ipsum','C:\Users\Joao\Desktop\name.jpg','vehicula aliquet libero. Integer in','25,094');
INSERT INTO Product (idProduct,category,expirationDate,description,photograph,name,price) VALUES (99,'category','2013-05-20 09:06:20','Lorem ipsum dolor sit amet, consectetuer','C:\Users\Joao\Desktop\name.jpg','In','136,710');
INSERT INTO Product (idProduct,category,expirationDate,description,photograph,name,price) VALUES (100,'category','2013-12-12 17:56:21','Lorem ipsum dolor sit amet, consectetuer adipiscing elit.','C:\Users\Joao\Desktop\name.jpg','felis. Nulla tempor augue','125,975');

/*Deve falhar */
INSERT INTO Product (idProduct,category,expirationDate,description,photograph,name,price) VALUES (100,'category','2013-12-12 17:56:21','Lorem ipsum dolor sit amet, consectetuer adipiscing elit.','C:\Users\Joao\Desktop\name.jpg','Fail Product','125,975');

INSERT INTO Transaction (idTransaction,value,idPointOfSale) VALUES (1,'11,342',11);
INSERT INTO Transaction (idTransaction,value,idPointOfSale) VALUES (2,'14,511',11);
INSERT INTO Transaction (idTransaction,value,idPointOfSale) VALUES (3,'7,029',8);
INSERT INTO Transaction (idTransaction,value,idPointOfSale) VALUES (4,'17,184',10);
INSERT INTO Transaction (idTransaction,value,idPointOfSale) VALUES (5,'7,593',6);
INSERT INTO Transaction (idTransaction,value,idPointOfSale) VALUES (6,'13,596',4);
INSERT INTO Transaction (idTransaction,value,idPointOfSale) VALUES (7,'5,516',8);
INSERT INTO Transaction (idTransaction,value,idPointOfSale) VALUES (8,'10,258',8);
INSERT INTO Transaction (idTransaction,value,idPointOfSale) VALUES (9,'15,436',10);
INSERT INTO Transaction (idTransaction,value,idPointOfSale) VALUES (10,'10,372',8);
INSERT INTO Transaction (idTransaction,value,idPointOfSale) VALUES (11,'14,496',4);
INSERT INTO Transaction (idTransaction,value,idPointOfSale) VALUES (12,'15,183',9);
INSERT INTO Transaction (idTransaction,value,idPointOfSale) VALUES (13,'8,264',9);
INSERT INTO Transaction (idTransaction,value,idPointOfSale) VALUES (14,'18,326',6);
INSERT INTO Transaction (idTransaction,value,idPointOfSale) VALUES (15,'12,556',9);
INSERT INTO Transaction (idTransaction,value,idPointOfSale) VALUES (16,'5,141',4);
INSERT INTO Transaction (idTransaction,value,idPointOfSale) VALUES (17,'5,227',3);
INSERT INTO Transaction (idTransaction,value,idPointOfSale) VALUES (18,'16,591',4);
INSERT INTO Transaction (idTransaction,value,idPointOfSale) VALUES (19,'9,545',7);
INSERT INTO Transaction (idTransaction,value,idPointOfSale) VALUES (20,'5,041',9);
INSERT INTO Transaction (idTransaction,value,idPointOfSale) VALUES (21,'9,829',8);
INSERT INTO Transaction (idTransaction,value,idPointOfSale) VALUES (22,'19,576',5);
INSERT INTO Transaction (idTransaction,value,idPointOfSale) VALUES (23,'11,305',10);
INSERT INTO Transaction (idTransaction,value,idPointOfSale) VALUES (24,'14,371',11);
INSERT INTO Transaction (idTransaction,value,idPointOfSale) VALUES (25,'8,065',6);
INSERT INTO Transaction (idTransaction,value,idPointOfSale) VALUES (26,'15,959',5);
INSERT INTO Transaction (idTransaction,value,idPointOfSale) VALUES (27,'19,272',6);
INSERT INTO Transaction (idTransaction,value,idPointOfSale) VALUES (28,'12,024',8);
INSERT INTO Transaction (idTransaction,value,idPointOfSale) VALUES (29,'7,513',11);
INSERT INTO Transaction (idTransaction,value,idPointOfSale) VALUES (30,'18,550',4);
INSERT INTO Transaction (idTransaction,value,idPointOfSale) VALUES (31,'15,710',6);
INSERT INTO Transaction (idTransaction,value,idPointOfSale) VALUES (32,'12,246',4);
INSERT INTO Transaction (idTransaction,value,idPointOfSale) VALUES (33,'19,099',9);
INSERT INTO Transaction (idTransaction,value,idPointOfSale) VALUES (34,'19,558',11);
INSERT INTO Transaction (idTransaction,value,idPointOfSale) VALUES (35,'14,981',4);
INSERT INTO Transaction (idTransaction,value,idPointOfSale) VALUES (36,'5,282',4);
INSERT INTO Transaction (idTransaction,value,idPointOfSale) VALUES (37,'18,608',11);
INSERT INTO Transaction (idTransaction,value,idPointOfSale) VALUES (38,'6,130',6);
INSERT INTO Transaction (idTransaction,value,idPointOfSale) VALUES (39,'14,975',10);
INSERT INTO Transaction (idTransaction,value,idPointOfSale) VALUES (40,'18,417',11);

INSERT INTO SupplierCompany (idTransaction,idPerson) VALUES (1,77);
INSERT INTO SupplierCompany (idTransaction,idPerson) VALUES (2,94);
INSERT INTO SupplierCompany (idTransaction,idPerson) VALUES (3,91);
INSERT INTO SupplierCompany (idTransaction,idPerson) VALUES (4,94);
INSERT INTO SupplierCompany (idTransaction,idPerson) VALUES (5,89);
INSERT INTO SupplierCompany (idTransaction,idPerson) VALUES (6,87);
INSERT INTO SupplierCompany (idTransaction,idPerson) VALUES (7,96);
INSERT INTO SupplierCompany (idTransaction,idPerson) VALUES (8,79);
INSERT INTO SupplierCompany (idTransaction,idPerson) VALUES (9,99);
INSERT INTO SupplierCompany (idTransaction,idPerson) VALUES (10,81);
INSERT INTO SupplierCompany (idTransaction,idPerson) VALUES (11,94);
INSERT INTO SupplierCompany (idTransaction,idPerson) VALUES (12,100);
INSERT INTO SupplierCompany (idTransaction,idPerson) VALUES (13,91);
INSERT INTO SupplierCompany (idTransaction,idPerson) VALUES (14,79);
INSERT INTO SupplierCompany (idTransaction,idPerson) VALUES (15,79);
INSERT INTO SupplierCompany (idTransaction,idPerson) VALUES (16,78);
INSERT INTO SupplierCompany (idTransaction,idPerson) VALUES (17,76);
INSERT INTO SupplierCompany (idTransaction,idPerson) VALUES (18,92);
INSERT INTO SupplierCompany (idTransaction,idPerson) VALUES (19,94);
INSERT INTO SupplierCompany (idTransaction,idPerson) VALUES (20,78);

INSERT INTO Orderino (idOrder,orderDate,paymentDate,deliveryDate,idSupplierCompany) VALUES (1,'2014-01-01 00:00:00','2014-03-17 22:16:18','2014-04-19 20:35:33',1);
INSERT INTO Orderino (idOrder,orderDate,paymentDate,deliveryDate,idSupplierCompany) VALUES (2,'2014-01-01 00:00:00','2014-03-29 07:53:15','2014-04-17 06:17:23',2);
INSERT INTO Orderino (idOrder,orderDate,paymentDate,deliveryDate,idSupplierCompany) VALUES (3,'2014-01-01 00:00:00','2014-03-04 08:54:11','2014-04-29 09:58:43',3);
INSERT INTO Orderino (idOrder,orderDate,paymentDate,deliveryDate,idSupplierCompany) VALUES (4,'2014-01-01 00:00:00','2014-03-11 12:57:11','2014-04-27 08:29:25',4);
INSERT INTO Orderino (idOrder,orderDate,paymentDate,deliveryDate,idSupplierCompany) VALUES (5,'2014-01-01 00:00:00','2014-03-20 19:31:02','2014-04-03 15:31:32',5);
INSERT INTO Orderino (idOrder,orderDate,paymentDate,deliveryDate,idSupplierCompany) VALUES (6,'2014-01-01 00:00:00','2014-03-23 22:24:13','2014-04-05 23:23:24',6);
INSERT INTO Orderino (idOrder,orderDate,paymentDate,deliveryDate,idSupplierCompany) VALUES (7,'2014-01-01 00:00:00','2014-03-04 16:55:49','2014-04-05 00:33:07',7);
INSERT INTO Orderino (idOrder,orderDate,paymentDate,deliveryDate,idSupplierCompany) VALUES (8,'2014-01-01 00:00:00','2014-03-25 02:26:58','2014-04-01 21:57:20',8);
INSERT INTO Orderino (idOrder,orderDate,paymentDate,deliveryDate,idSupplierCompany) VALUES (9,'2014-01-01 00:00:00','2014-03-12 11:11:43','2014-04-29 12:17:24',9);
INSERT INTO Orderino (idOrder,orderDate,paymentDate,deliveryDate,idSupplierCompany) VALUES (10,'2014-01-01 00:00:00','2014-03-04 13:27:16','2014-04-25 08:32:32',10);
INSERT INTO Orderino (idOrder,orderDate,paymentDate,deliveryDate,idSupplierCompany) VALUES (11,'2014-01-01 00:00:00','2014-03-29 03:08:55','2014-04-13 10:50:41',11);
INSERT INTO Orderino (idOrder,orderDate,paymentDate,deliveryDate,idSupplierCompany) VALUES (12,'2014-01-01 00:00:00','2014-03-22 14:53:51','2014-04-03 02:59:32',12);
INSERT INTO Orderino (idOrder,orderDate,paymentDate,deliveryDate,idSupplierCompany) VALUES (13,'2014-01-01 00:00:00','2014-03-13 05:30:50','2014-04-27 14:13:49',13);
INSERT INTO Orderino (idOrder,orderDate,paymentDate,deliveryDate,idSupplierCompany) VALUES (14,'2014-01-01 00:00:00','2014-03-19 17:40:10','2014-04-22 21:33:47',14);
INSERT INTO Orderino (idOrder,orderDate,paymentDate,deliveryDate,idSupplierCompany) VALUES (15,'2014-01-01 00:00:00','2014-03-30 12:06:51','2014-04-15 09:22:59',15);
INSERT INTO Orderino (idOrder,orderDate,paymentDate,deliveryDate,idSupplierCompany) VALUES (16,'2014-01-01 00:00:00','2014-03-13 04:29:03','2014-04-14 14:40:08',16);
INSERT INTO Orderino (idOrder,orderDate,paymentDate,deliveryDate,idSupplierCompany) VALUES (17,'2014-01-01 00:00:00','2014-03-25 21:01:43','2014-04-07 01:02:53',17);
INSERT INTO Orderino (idOrder,orderDate,paymentDate,deliveryDate,idSupplierCompany) VALUES (18,'2014-01-01 00:00:00','2014-03-24 05:19:13','2014-04-16 22:33:42',18);
INSERT INTO Orderino (idOrder,orderDate,paymentDate,deliveryDate,idSupplierCompany) VALUES (19,'2014-01-01 00:00:00','2014-03-28 19:51:24','2014-04-12 22:34:44',19);
INSERT INTO Orderino (idOrder,orderDate,paymentDate,deliveryDate,idSupplierCompany) VALUES (20,'2014-01-01 00:00:00','2014-03-22 07:00:07','2014-04-11 08:24:09',20);

INSERT INTO ProductOrder (idOrder, idProduct) VALUES (1,17);
INSERT INTO ProductOrder (idOrder, idProduct) VALUES (1,2);
INSERT INTO ProductOrder (idOrder, idProduct) VALUES (1,13);
INSERT INTO ProductOrder (idOrder, idProduct) VALUES (2,19);
INSERT INTO ProductOrder (idOrder, idProduct) VALUES (2,14);
INSERT INTO ProductOrder (idOrder, idProduct) VALUES (2,1);
INSERT INTO ProductOrder (idOrder, idProduct) VALUES (3,1);
INSERT INTO ProductOrder (idOrder, idProduct) VALUES (3,4);
INSERT INTO ProductOrder (idOrder, idProduct) VALUES (3,8);
INSERT INTO ProductOrder (idOrder, idProduct) VALUES (4,2);
INSERT INTO ProductOrder (idOrder, idProduct) VALUES (4,95);
INSERT INTO ProductOrder (idOrder, idProduct) VALUES (4,26);
INSERT INTO ProductOrder (idOrder, idProduct) VALUES (5,56);
INSERT INTO ProductOrder (idOrder, idProduct) VALUES (5,23);
INSERT INTO ProductOrder (idOrder, idProduct) VALUES (5,84);
INSERT INTO ProductOrder (idOrder, idProduct) VALUES (6,59);
INSERT INTO ProductOrder (idOrder, idProduct) VALUES (6,26);
INSERT INTO ProductOrder (idOrder, idProduct) VALUES (6,16);
INSERT INTO ProductOrder (idOrder, idProduct) VALUES (7,78);
INSERT INTO ProductOrder (idOrder, idProduct) VALUES (7,58);
INSERT INTO ProductOrder (idOrder, idProduct) VALUES (7,26);
INSERT INTO ProductOrder (idOrder, idProduct) VALUES (8,89);
INSERT INTO ProductOrder (idOrder, idProduct) VALUES (8,100);
INSERT INTO ProductOrder (idOrder, idProduct) VALUES (8,6);
INSERT INTO ProductOrder (idOrder, idProduct) VALUES (9,3);
INSERT INTO ProductOrder (idOrder, idProduct) VALUES (9,95);
INSERT INTO ProductOrder (idOrder, idProduct) VALUES (9,89);
INSERT INTO ProductOrder (idOrder, idProduct) VALUES (10,95);
INSERT INTO ProductOrder (idOrder, idProduct) VALUES (10,36);
INSERT INTO ProductOrder (idOrder, idProduct) VALUES (10,20);
INSERT INTO ProductOrder (idOrder, idProduct) VALUES (11,85);
INSERT INTO ProductOrder (idOrder, idProduct) VALUES (11,6);
INSERT INTO ProductOrder (idOrder, idProduct) VALUES (11,3);
INSERT INTO ProductOrder (idOrder, idProduct) VALUES (12,20);
INSERT INTO ProductOrder (idOrder, idProduct) VALUES (13,30);
INSERT INTO ProductOrder (idOrder, idProduct) VALUES (13,63);
INSERT INTO ProductOrder (idOrder, idProduct) VALUES (14,100);
INSERT INTO ProductOrder (idOrder, idProduct) VALUES (14,62);
INSERT INTO ProductOrder (idOrder, idProduct) VALUES (14,20);
INSERT INTO ProductOrder (idOrder, idProduct) VALUES (15,3);
INSERT INTO ProductOrder (idOrder, idProduct) VALUES (15,2);
INSERT INTO ProductOrder (idOrder, idProduct) VALUES (15,1);
INSERT INTO ProductOrder (idOrder, idProduct) VALUES (16,31);
INSERT INTO ProductOrder (idOrder, idProduct) VALUES (16,63);
INSERT INTO ProductOrder (idOrder, idProduct) VALUES (16,23);
INSERT INTO ProductOrder (idOrder, idProduct) VALUES (17,36);
INSERT INTO ProductOrder (idOrder, idProduct) VALUES (17,12);
INSERT INTO ProductOrder (idOrder, idProduct) VALUES (17,2);
INSERT INTO ProductOrder (idOrder, idProduct) VALUES (18,1);
INSERT INTO ProductOrder (idOrder, idProduct) VALUES (18,3);
INSERT INTO ProductOrder (idOrder, idProduct) VALUES (18,60);
INSERT INTO ProductOrder (idOrder, idProduct) VALUES (19,31);
INSERT INTO ProductOrder (idOrder, idProduct) VALUES (19,63);
INSERT INTO ProductOrder (idOrder, idProduct) VALUES (19,23);
INSERT INTO ProductOrder (idOrder, idProduct) VALUES (20,36);
INSERT INTO ProductOrder (idOrder, idProduct) VALUES (20,69);
INSERT INTO ProductOrder (idOrder, idProduct) VALUES (20,75);

INSERT INTO ProductBuilding (idBuilding,idProduct) VALUES (1,13);
INSERT INTO ProductBuilding (idBuilding,idProduct) VALUES (1,26);
INSERT INTO ProductBuilding (idBuilding,idProduct) VALUES (1,1);
INSERT INTO ProductBuilding (idBuilding,idProduct) VALUES (2,98);
INSERT INTO ProductBuilding (idBuilding,idProduct) VALUES (2,99);
INSERT INTO ProductBuilding (idBuilding,idProduct) VALUES (2,46);
INSERT INTO ProductBuilding (idBuilding,idProduct) VALUES (3,47);
INSERT INTO ProductBuilding (idBuilding,idProduct) VALUES (3,78);
INSERT INTO ProductBuilding (idBuilding,idProduct) VALUES (3,9);
INSERT INTO ProductBuilding (idBuilding,idProduct) VALUES (4,25);
INSERT INTO ProductBuilding (idBuilding,idProduct) VALUES (4,65);
INSERT INTO ProductBuilding (idBuilding,idProduct) VALUES (4,85);
INSERT INTO ProductBuilding (idBuilding,idProduct) VALUES (5,51);
INSERT INTO ProductBuilding (idBuilding,idProduct) VALUES (5,3);
INSERT INTO ProductBuilding (idBuilding,idProduct) VALUES (5,11);
INSERT INTO ProductBuilding (idBuilding,idProduct) VALUES (6,10);
INSERT INTO ProductBuilding (idBuilding,idProduct) VALUES (6,87);
INSERT INTO ProductBuilding (idBuilding,idProduct) VALUES (6,73);
INSERT INTO ProductBuilding (idBuilding,idProduct) VALUES (7,72);
INSERT INTO ProductBuilding (idBuilding,idProduct) VALUES (7,55);
INSERT INTO ProductBuilding (idBuilding,idProduct) VALUES (7,45);
INSERT INTO ProductBuilding (idBuilding,idProduct) VALUES (8,23);
INSERT INTO ProductBuilding (idBuilding,idProduct) VALUES (8,24);
INSERT INTO ProductBuilding (idBuilding,idProduct) VALUES (8,33);
INSERT INTO ProductBuilding (idBuilding,idProduct) VALUES (9,41);
INSERT INTO ProductBuilding (idBuilding,idProduct) VALUES (9,39);
INSERT INTO ProductBuilding (idBuilding,idProduct) VALUES (9,67);
INSERT INTO ProductBuilding (idBuilding,idProduct) VALUES (10,100);
INSERT INTO ProductBuilding (idBuilding,idProduct) VALUES (10,38);
INSERT INTO ProductBuilding (idBuilding,idProduct) VALUES (10,37);
INSERT INTO ProductBuilding (idBuilding,idProduct) VALUES (11,64);
INSERT INTO ProductBuilding (idBuilding,idProduct) VALUES (11,20);
INSERT INTO ProductBuilding (idBuilding,idProduct) VALUES (11,74);

INSERT INTO ShopkeeperPointOfSale (idPerson,idBuilding) VALUES (17,3);
INSERT INTO ShopkeeperPointOfSale (idPerson,idBuilding) VALUES (18,4);
INSERT INTO ShopkeeperPointOfSale (idPerson,idBuilding) VALUES (14,5);
INSERT INTO ShopkeeperPointOfSale (idPerson,idBuilding) VALUES (16,6);
INSERT INTO ShopkeeperPointOfSale (idPerson,idBuilding) VALUES (19,7);
INSERT INTO ShopkeeperPointOfSale (idPerson,idBuilding) VALUES (49,8);
INSERT INTO ShopkeeperPointOfSale (idPerson,idBuilding) VALUES (20,9);
INSERT INTO ShopkeeperPointOfSale (idPerson,idBuilding) VALUES (39,10);
INSERT INTO ShopkeeperPointOfSale (idPerson,idBuilding) VALUES (32,11);
INSERT INTO ShopkeeperPointOfSale (idPerson,idBuilding) VALUES (15,3);
INSERT INTO ShopkeeperPointOfSale (idPerson,idBuilding) VALUES (50,4);
INSERT INTO ShopkeeperPointOfSale (idPerson,idBuilding) VALUES (13,5);
INSERT INTO ShopkeeperPointOfSale (idPerson,idBuilding) VALUES (23,6);
INSERT INTO ShopkeeperPointOfSale (idPerson,idBuilding) VALUES (42,7);
INSERT INTO ShopkeeperPointOfSale (idPerson,idBuilding) VALUES (39,8);
INSERT INTO ShopkeeperPointOfSale (idPerson,idBuilding) VALUES (14,9);
INSERT INTO ShopkeeperPointOfSale (idPerson,idBuilding) VALUES (32,10);
INSERT INTO ShopkeeperPointOfSale (idPerson,idBuilding) VALUES (35,11);
INSERT INTO ShopkeeperPointOfSale (idPerson,idBuilding) VALUES (21,3);
INSERT INTO ShopkeeperPointOfSale (idPerson,idBuilding) VALUES (39,4);
INSERT INTO ShopkeeperPointOfSale (idPerson,idBuilding) VALUES (47,5);
INSERT INTO ShopkeeperPointOfSale (idPerson,idBuilding) VALUES (38,6);
INSERT INTO ShopkeeperPointOfSale (idPerson,idBuilding) VALUES (36,7);
INSERT INTO ShopkeeperPointOfSale (idPerson,idBuilding) VALUES (43,8);
INSERT INTO ShopkeeperPointOfSale (idPerson,idBuilding) VALUES (26,9);
INSERT INTO ShopkeeperPointOfSale (idPerson,idBuilding) VALUES (50,10);
INSERT INTO ShopkeeperPointOfSale (idPerson,idBuilding) VALUES (36,11);

INSERT INTO Quantity (idBuilding,idProduct,quantity) VALUES (1,13,449);
INSERT INTO Quantity (idBuilding,idProduct,quantity) VALUES (1,26,761);
INSERT INTO Quantity (idBuilding,idProduct,quantity) VALUES (1,1,427);
INSERT INTO Quantity (idBuilding,idProduct,quantity) VALUES (2,98,373);
INSERT INTO Quantity (idBuilding,idProduct,quantity) VALUES (2,99,628);
INSERT INTO Quantity (idBuilding,idProduct,quantity) VALUES (2,46,88);
INSERT INTO Quantity (idBuilding,idProduct,quantity) VALUES (3,47,911);
INSERT INTO Quantity (idBuilding,idProduct,quantity) VALUES (3,78,520);
INSERT INTO Quantity (idBuilding,idProduct,quantity) VALUES (3,9,351);
INSERT INTO Quantity (idBuilding,idProduct,quantity) VALUES (4,25,674);
INSERT INTO Quantity (idBuilding,idProduct,quantity) VALUES (4,65,416);
INSERT INTO Quantity (idBuilding,idProduct,quantity) VALUES (4,85,312);
INSERT INTO Quantity (idBuilding,idProduct,quantity) VALUES (5,51,440);
INSERT INTO Quantity (idBuilding,idProduct,quantity) VALUES (5,3,454);
INSERT INTO Quantity (idBuilding,idProduct,quantity) VALUES (5,11,6);
INSERT INTO Quantity (idBuilding,idProduct,quantity) VALUES (6,10,38);
INSERT INTO Quantity (idBuilding,idProduct,quantity) VALUES (6,87,101);
INSERT INTO Quantity (idBuilding,idProduct,quantity) VALUES (6,73,508);
INSERT INTO Quantity (idBuilding,idProduct,quantity) VALUES (7,72,621);
INSERT INTO Quantity (idBuilding,idProduct,quantity) VALUES (7,55,144);
INSERT INTO Quantity (idBuilding,idProduct,quantity) VALUES (7,45,883);
INSERT INTO Quantity (idBuilding,idProduct,quantity) VALUES (8,23,983);
INSERT INTO Quantity (idBuilding,idProduct,quantity) VALUES (8,24,255);
INSERT INTO Quantity (idBuilding,idProduct,quantity) VALUES (8,33,533);
INSERT INTO Quantity (idBuilding,idProduct,quantity) VALUES (9,41,12);
INSERT INTO Quantity (idBuilding,idProduct,quantity) VALUES (9,39,267);
INSERT INTO Quantity (idBuilding,idProduct,quantity) VALUES (9,67,829);
INSERT INTO Quantity (idBuilding,idProduct,quantity) VALUES (10,100,771);
INSERT INTO Quantity (idBuilding,idProduct,quantity) VALUES (10,38,85);
INSERT INTO Quantity (idBuilding,idProduct,quantity) VALUES (10,37,630);
INSERT INTO Quantity (idBuilding,idProduct,quantity) VALUES (11,64,453);
INSERT INTO Quantity (idBuilding,idProduct,quantity) VALUES (11,20,86);
INSERT INTO Quantity (idBuilding,idProduct,quantity) VALUES (11,74,6);